科技战略|日本政府2019年度预算申请超102.5万亿日元，创历史新高|据环球网和经济参考报8月31日消息，日本财务省于8月31日截止了各省厅2019年度的预算申请，统计表明日本政府2019年度预算申请超102.5万亿日元（约合人民币6.3万亿元），创历史新高。其中，日本防卫省预算总额为5.2986万亿日元（约合人民币3260亿元），创历史新高；科学技术领域预算总额为4.351万亿日元（约合人民币2679亿元），同比增长13.3％，该预算将重点用于人工智能（AI）相关技术的开发和人才培养等。
信息|新西兰与澳大利亚科学家将智能手机GPS定位准确度提高到厘米级|据Eurekalert网站8月30日消息，新西兰奥塔哥大学与澳大利亚科廷大学科学家研究出一种新方法，可将智能手机GPS定位的准确度提高到厘米级。相较于工程中常用的双频GPS提升准确度的方法，研究人员的新方法采用单频GPS，从多个卫星接收数据，在大幅提高定位准确度的同时不增加成本，未来有望用于汽车导航、地理测量等领域。
信息|俄美科学家开发新算法可将网络数据传输速度提升50%|据Eurekalert网站8月31日消息，俄罗斯萨马拉大学和美国密苏里大学科学家联合发明一种新算法，可在保证网络数据传输质量的同时，将数据传输速度提高50％。该算法基于科学家团队开发的特殊路由方法，主要用于加速与大型数据处理中心之间的数据交换。
信息|五眼联盟敦促大科技公司与情报机构合作破解加密信息|据Nextgov网站8月31日消息，由美国、英国、澳大利亚、加拿大和新西兰情报机构组成的五眼联盟发表声明，敦促大科技公司帮助执法部门获取犯罪分子和恐怖分子的加密通信。五眼联盟还在声明中表示，将加强各国网络中心之间的合作，并共同努力改善发电站和机场等关键基础设施的网络安全。
生物|新加坡国立大学研究人员使用AI成功治愈晚期癌症患者|据EurekAlert网8月30日消息，新加坡国立大学研究小组通过人工智能（AI）平台CURATE.AI不断优化新型药物组合的给药剂量，成功治愈前列腺癌晚期患者。研究人员对患者使用在研药物ZEN-3694和恩杂鲁胺（一种批准的前列腺癌药物）组成的新型药物组合，并通过CURATE.AI平台检测血液中肿瘤大小的生物标志物变化来调整最佳给药量，成功抑制住肿瘤的生长。该研究可针对不同病人调整治疗方案，促进了个性化医疗的发展。相关研究成果发表于《高级治疗学》期刊。
生物|美科学家发现细胞所处的组织环境对染色体数目稳定有重要影响|据生物通8月31日消息，美国霍华德·休斯医学研究所科学家发现在非天然组织的培养基上所培养的上皮细胞，其染色体错误分离概率显著增加，该研究结果表明在实验室环境培养人体组织的难度超出此前认知。研究人员表示，细胞在体内处于大型组织结构内，环境中的整合素可通过影响纺锤体附着，间接影响染色体分离，从而维持染色体数目稳定。研究人员还发现，肿瘤可改变自身组织结构，从而引发癌细胞内染色体数目变化，从而增加了癌细胞的不稳定性和侵袭性。相关研究成果发表于《细胞》期刊。
能源|欧盟委员会决定不再延长对华太阳能板双反措施|据北极星太阳能光伏网9月3日消息，欧盟决定不再延长于9月3日到期的对华太阳能板反倾销和反补贴措施。欧委会表示，上述决定是在考虑了欧盟太阳能板生产商、用户和进口商的利益后做出的。此外，该决定还有利于实现欧盟新的可再生能源目标。据悉，欧盟委员会于2013年12月起对进口自中国的太阳能板征收为期两年的最高64.9%的反倾销税和最高11.5%的反补贴税，并于2015年底延长一次。2017年3月，欧委会将双反措施再次延长18个月。
能源|德国将设新机构助推颠覆性创新|据中国储能网9月3日消息，德国政府内阁通过决议，将设立一个新机构，对颠覆性创新进行为期10年、高达10亿欧元的资助。据了解，这项决议提案由德国联邦教研部、经济和能源部共同发起，旨在为创新主体提供资金和发展空间，帮助颠覆性创新转化为实践。按计划，新机构将在2019年年初投入运作，主要促进电动汽车电池、人工智能和自动驾驶等新兴领域的发展。
海洋|俄罗斯在地中海举行大规模军演|据环球网9月2日消息，俄罗斯海军与空天军将于9月1日至8日在地中海举行大规模军演。俄国防部表示，此次演习将有来自俄罗斯北方舰队、波罗的海舰队、黑海舰队和里海分舰队的25艘舰船参加。此外，还将有约30架飞机在国际空域进行演习，其中包括图-160战略轰炸机、图-142MK反潜机、苏-33和苏-30SM战斗机等。
海洋|美海军授予洛马公司1350万美元合同，以进一步推进潜艇战联合战术系统计划|据战略前沿技术9月3日消息，美海军海上系统司令部（NAVSEA）近日宣布向洛克希德·马丁公司授予一份价值1350万美元的合同，为潜艇战联合战术系统（SWFTS）计划进行额外的设计、集成和测试。SWFTS计划将在美海军大部分潜艇上使用基于通用开放式架构的电子设计，以提高综合作战部队在联合作战期间的互操作性。
航天|日本将成立太空和网络空间委员会，强化网络和太空能力|据翔智科技信息网9月3日消息，近日日本防卫省长官小野寺宣布，日本防卫省将成立太空和网络空间委员会，探讨在太空和网络空间领域发展防御能力的问题。小野寺表示，他将领导该委员会制定日本新一版防卫计划大纲，确定日本未来十年的基本安全政策，并于2018年底公布。
航天|日本文部科学省发布2019财年航天预算申请，航天预算总额为1990.26亿日元|据星际智汇9月3日消息，日本文部科学省发布2019财年航天预算申请，航天预算总额为1990.26亿日元（约合18亿美元），同比增长22.4%。其中，太空安全保障、防灾减灾和产业振兴相关预算共计980.06亿日元（约合8.9亿美元），重点包括：新一代运载火箭H-3、高分辨率遥感卫星先进光学卫星和先进雷达卫星、激光数据中继卫星。太空科学相关预算共计553.09亿日元（约合5.03亿美元），重点包括：国际空间站货运飞船“鹳”、国际空间站日本实验舱“希望号”项目和“命运”深空探测技术验证器。
新材料|新加坡和英国科学家研发出可同时对光和触摸响应的生物电传感器，可用于制作电子皮肤|据Advanced Science News网站8月30日消息，新加坡国立大学和英国布里斯托尔大学的科学家合作，研发出可同时对光和触摸响应的生物电传感器。该传感器的顶层和底层分别为氧化锡-聚对苯二甲酸乙二醇酯薄膜（ITO-PET）和镀金聚酯（PET），中间层则由光合蛋白RC-LH1和辅酶Q-0/丁二腈凝胶组成。利用该传感器制作的电子皮肤，可对暴露过多的紫外线进行警告。此外，入射光线能够在电子皮肤中产生额外电能，为触摸响应提供能量。该设备是第一款可同时对光和触摸进行响应的传感器，未来有望作为电子皮肤大规模应用于可穿戴设备。相关研究成果发表于《Advanced Materials》杂志。
先进制造|美国加州大学开发出生物3D打印复杂血管网络的新方法|据OFweek网9月3日消息，美国加州大学洛杉矶分校研究人员开发出一种新方法，能够3D打印模拟复杂血管网的管状结构。研究人员通过对亲水聚合物组成的水凝胶进行优化，促使人体细胞在生物油墨中增殖，再使用生物打印机连续打印多达3层的管状结构。该管状结构是可灌注的，营养物可有效进入，促使细胞以及组织生长。这项突破性的研究已发表于《先进材料》杂志。
信息|Facebook利用无监督机器学习技术大幅提升翻译准确率|据Venturebeat网站8月31日消息，Facebook研究人员利用无监督机器学习技术进行语言翻译，大幅提升翻译准确率。研究人员表示，这种无监督机器学习方法不仅适用于翻译，也可以扩展到其他领域，让人工智能在使用无标记数据的情况下，完成只有极少甚至没有训练数据的任务。这是机器翻译和无监督机器学习技术的一项重大突破。
信息|中科大研制出完全可控的量子模拟器|据新智元9月3日消息，中国科学技术大学郭光灿院士团队与国外研究小组合作，成功研制出光子频率和相位均可调控的量子模拟器，通过编程控制即可实现任意的相位消相干过程。该成果有助于推进量子计算机的研制过程，相关报告已发表于《自然 · 通讯》杂志。
生物|欧美国家脑功能兴奋剂使用率逐步上升|据Nature自然科研网8月27日消息，美国加州大学旧金山分校科学家通过对15个国家的万人大调查发现，欧美国家脑功能兴奋剂使用率逐步上升。调查显示，此类药物（包括Adderall、利他林、莫达非尼以及非法兴奋剂如可卡因等）用于非治疗用途，可提高人的记忆力和注意力，该过程也称“药物认知增强”（PCE）。美国使用此类药物比例最高，2017年近30%受访者使用；而欧洲国家增长最快，在2015年至2017年期间，法国使用率从3％上升到16％，英国从5％上升到23％。研究人员表示，文化因素、注意力缺陷多动障碍（ADHD）诊断率增加以及药物的可获得性都会对PCE用途的药物使用率产生影响，这或引发伦理方面的问题。
生物|美国宇航局首次在太空完成RNA直接测序|据生物通9月3日消息，美国宇航局（NASA）宇航员利用基于纳米孔测序技术的MinION测序仪首次在太空国际空间站完成RNA直接测序。NASA目前正在国际空间站开展BEST（生物分子提取和测序技术）项目，计划通过三种方式推进太空测序：鉴定现有方法无法检测的空间站微生物，评估因太空飞行而导致的微生物突变，以及开展RNA直接测序。2017年底美国宇航员在国际空间站首次完成了DNA测序。通过DNA和RNA测序，研究人员有望鉴定空间站的微生物，以及太空飞行时人体微生物组的变化，并在微重力条件下开展生物医学研究，甚至检测外星生命等。
生物|美国初创公司Carverr推出将数字货币密码存储在DNA中的服务|据信息安全法律评论网9月3日消息，美国初创公司Carverr推出将数字货币密码存储在DNA中的服务，以保护数字货币财产。Carverr首席执行官表示，数据通过合成DNA的方式被存储后，溶入塑料管内的液滴里，可在冰箱内保存几百年之久，有效提高了密码信息的安全性，并将防止数字货币被盗取或密码丢失等。目前该项目尚处于起步阶段。
能源|英国剑桥大学通过半人工光合作用成功将阳光转化为燃料|据Eurekalert网9月3日消息，英国剑桥大学圣约翰学院的研究人员通过半人工光合作用，成功将阳光转化为燃料。光合作用是植物将太阳光转化为能量的过程。该校研究人员通过模拟植物光合作用，在氢化酶的催化下，成功地利用太阳光的能量将水分解为氢和氧。据悉，该太阳能转化模型是第一个成功使用氢化酶和光系统来创建纯太阳能驱动的半人工光合作用的模型，为太阳能有效利用开辟了新方向。
能源|英国斯旺西大学成功将塑料垃圾转化为氢燃料|据cnBeta网9月4日消息，英国斯旺西大学（Swansea University）在将塑料垃圾转化为氢燃料的研究上取得了突破性进展。研究人员将吸光材料添加到废弃的塑料中，然后将其放进碱性溶液，并暴露在阳光下，就可以将塑料转化为氢气。该校化学系Moritz Kuehnel博士表示，这种方法的好处在于可以降解各种废物，因此不用进行垃圾分类，但是将其推广至工业层面可能还需要数年时间。据悉，该项研究由英国工程与物理科学研究委员会和一家奥地利石油化工公司共同资助。
能源|俄罗斯多用途钠冷快堆完成关键焊接工作|据国防科技信息网9月4日消息，俄罗斯国家原子能公司（Rosatom）的子公司AEM-技术公司宣布完成多用途钠冷快中子研究堆（MBIR）的关键焊接工作。MBIR是一个150MWt的多回路钠冷快堆，能够测试铅、铅铋和气体冷却剂，设计寿命长达50年。据悉，MBIR将安装在位于俄罗斯乌里扬诺夫斯克地区德米特洛夫格勒的原子反应堆研究所（NIIAR）的试验场址中。
能源|巴西提高铀浓缩能力|据国防科技信息网9月4日消息，巴西核工业公司（INB）宣布，在巴西雷森德浓缩厂离心机第七个级联投产后，巴西的铀浓缩能力提高了25%。新的级联能够生产安格拉核电站1号机组每年所需核燃料换料量的大约50%。据悉，新级联是与巴西海军联合项目第一阶段的一部分，该项目目标是安装10个离心机级联，最终使巴西核工业公司能够满足安格拉核电站1号机组所需的约70%的浓缩铀。巴西核工业公司称，该项目已投资5.6亿巴西雷亚尔（约1.35亿美元），预计到2033年投资总额将达30亿巴西雷亚尔（约7.39亿美元）。
海洋|中国“海龙三号”试验性应用完成4200米深潜|据环球网9月4日消息，由中国自主研发的“海龙三号”无人缆控潜水器（ROV）近日在西北太平洋海山区成功实施5次深海下潜任务，最大潜深4200米，这标志着中国深海重大技术装备发展向前迈出重要一步。据该设备负责人介绍，“海龙三号”是国内首台6000米级通用作业型ROV，其有两大优势：一是可以实现大跨度、长距离近底观测取样；二是具备定点、精细化作业能力。“海龙三号”于今年4月完成海试验收，现进入试验性应用阶段。
航空|美军正在开发“下一代干扰机”，计划于2020年将其装备在EA-18G“咆哮者”电子战机上|据国防科技要闻9月4日消息，美军正在开发“下一代干扰机”（NGJ），计划于2020年将其装备在EA-18G“咆哮者”电子战机上。NGJ具有强大的电子攻击和信号情报能力，可干扰多个波段的作战雷达。同时，NGJ采用数字固态开放式架构系统，可针对敌方雷达的新威胁进行升级，以应对敌方雷达。
航天|英国聚变应用系统公司正在开发一种新型核聚变火箭发动机，将为高速星际空间旅行创造条件|据翔智科技信息9月4日消息，英国聚变应用系统公司正在开发一种新型核聚变火箭发动机，将为高速星际空间旅行创造条件。该发动机又称为“离子推进器”，其包含的离子推进燃料可被强电磁场加速，推动飞行器高速飞行。目前，该推进器已可在太空中操纵卫星飞行，但仍需解决推进器工作低效等问题。
新材料|哈佛大学开发出基于声波的“万能”打印技术，可打印以前无法打印的液体|据Sciencedaily网站8月31日消息，哈佛大学研究人员开发出基于声波的“万能”打印技术，可用于打印之前无法打印的液体。喷墨打印是最为常见的打印技术，但要求液体的粘度约为水的10倍。而生物基聚合物等医用材料的粘度为水的100倍以上，无法用喷墨打印法制备。研究人员开发的新型打印技术，可利用声波控制液滴大小，对液体的黏度则没有要求。新技术大幅拓展了打印液体的类型，未来有望大规模应用于生物制药、化妆品、食品以及光电子设备等领域。相关研究成果发表于《Science Advances》杂志。
先进制造|加拿大科学家开发出世界首款可卷曲触屏电脑|据中科院领域情报网9月3日消息，加拿大女王大学科学家从古老的卷轴汲取灵感，开发出一款名为“魔法卷轴”（MagicScroll）的可卷曲触屏电脑。该设备由分辨率高达2K的柔性显示器组成，显示器可绕着一个由3D打印制作的圆柱体卷曲或展开，圆柱体内含有计算机等内部元件，两端各有两个旋转轮，使用户可滚动触摸屏上的信息。该柔性电脑重量轻，当被卷起时能放进口袋，可用做定点设备。这项技术将柔性设备的发展推向了新领域。
先进制造|迪拜推出3D打印战略计划，未来25%的新建筑将采用3D打印建造|据南极熊网9月3日消息，迪拜日前推出了一项全球性3D打印战略计划，要在2025年前实现25%的新建筑全部采用3D打印技术制造，以有效降低建筑业的劳动力与时间成本。据估计，3D打印房屋所需时间为传统技术的10%。该计划将侧重使用3D打印技术建设基座、地基、施工缝和公园，以及用于人道主义事业的建筑和移动式住宅。此举旨在使迪拜成为全球3D打印领域的领导者，同时提升阿联酋和迪拜作为3D打印技术领先中心的地位。
信息|DARPA选择诺森罗普•格鲁曼公司参与电子设备智能设计项目|据Army-technology网站9月3日消息，DARPA选择诺森罗普•格鲁曼公司参与其电子设备智能设计项目，研发一种电子电路图自动设计技术。该项目是电子复兴计划的一部分，旨在大幅降低电子电路图设计的难度和时间成本，实现在一天内帮助零经验用户设计好可直接投入生产的电路设计图。
信息|澳大利亚国防创新中心与企业合作研发无人机系统技术|据Army-technology网站9月4日消息，澳大利亚国防创新中心与UAV Vision和Textron系统公司签署两项新合同，以进一步研发无人机系统技术。两家公司将开发无人机通信系统、传感器和地面控制系统，并提高无人机可操作性，以提升军队现代化，增强军队监视、情报获取能力。
信息|英国将在部分城市开展首批5G测试项目|据新浪科技9月5日消息，英国政府部门宣布，将在英国西米德兰兹地区开展首批大规模第五代移动通信技术（5G）的测试项目，为未来在全国范围组建5G网络做准备。英国将以伯明翰等3个城市为中心，设立测试平台，建立较大规模的5G试点网络，开展远程问诊和自动驾驶等应用项目。
生物|美国科学家首次利用CRISPR技术治疗犬肌肉萎缩，有望缓解人类肌肉萎缩相关疾病|据DeepTech深科技9月3日消息，美国科学家利用CRISPR技术成功修复四只猎犬中引发肌肉降解萎缩的基因突变，这些猎犬均患有杜氏肌营养不良症（DMD）。DMD是一种罕见且严重的进行性疾病，由肌缩蛋白基因突变而导致肌肉降解萎缩，目前全世界约有30 万人罹患此病且缺乏有效治疗方法。该研究是CRISPR首次被用于治疗大型动物的肌肉萎缩症，此前科学家们曾在培养基中修复过人和鼠的肌细胞相关障碍症基因。该研究成果有望用于缓解人类肌肉萎缩相关疾病，相关研究发表于《科学》期刊。
生物|世界卫生组织发出警告称全球麻疹感染人数大幅增加|据生物前沿聚焦9月4日消息，世界卫生组织发出警告称，全球各国麻疹感染人数急剧上升。目前，越南河内出现300例麻疹病例，比去年增加400％，该国偏远地区疫苗接种率过低是导致多次麻疹疫情暴发的主要原因。2018年上半年，欧洲地区麻疹暴发造成至少37人死亡，感染病例超41000例，比去年增加70％。其中，法国、格鲁吉亚、希腊、意大利、俄罗斯、塞尔维亚和乌克兰都已出现1000多例麻疹病例，德国和俄罗斯麻疹疫情也呈卷土重来之势。
生物|美国宇航局发起火星二氧化碳转换葡萄糖挑战，以改善太空生物生存环境|据Science科学网9月4日消息，美国宇航局（NASA）发起一项“二氧化碳转化挑战”，旨在寻找利用火星上相对充足的二氧化碳资源转换为葡萄糖的方案，来为微生物提供食物，以进一步完成火星地球化的生态改造，改善太空生物生存环境。该挑战分为两个阶段，第一阶段由参赛团队或个人提出理论和设计方案，随后NASA的专家组会给予评估最终挑选出五组团队或个人，给予5万美元的奖励。第二阶段团队需将其理念和设计进行现实应用验证，冠军可获得高达75万美元的最终奖金。
生物|美国华裔女科学家遭联邦调查局逮捕，被指控窃取在研抗癌药等商业机密售往中国|据今日头条9月5日消息，前葛兰素史克（GSK）宾夕法尼亚研发中心美籍华裔癌症女科学家薛宇遭联邦调查局逮捕，被指控伙同他人盗窃公司在研抗癌药等12项商业机密，出售给位于中国南京的任诺药业以生产并销售相关药物。薛宇是世界顶尖的蛋白质生物化学家之一，她在近日的认罪答辩中指出商业机密多指不公开秘密，但她发送的信息都是公开的，其中包括部分她自己的专利研究。薛宇最终可能面临10年监禁、25万美元罚款和最高20亿美元赔偿金。
能源|Karen S. Evans正式担任美能源部助理部长，负责领导网络安全、能源安全及应急响应办公室|据美国能源部官网9月4日消息，Karen S. Evans正式担任美国能源部助理部长（Assistant Secretary），负责领导网络安全、能源安全及应急响应办公室。能源部副部长Dan Brouillette表示，创建CESER办公室是为了应对未来新出现的威胁，同时保护美国能源的可靠性和安全性。据悉，在由特朗普总统提名领导能源部的网络安全工作之前，Evans曾担任过管理预算办公室和能源部的首席信息官。
能源|美国能源部宣布投资8000万美元支持早期生物能源研究和开发|据美国能源部官网9月4日消息，美国能源部宣布选择投资36个项目，总计8000万美元，以支持早期生物能源研究和开发。该36个生物能源项目分为四个方面：用于产品合成的生物能源工程（16个项目，2800万美元）、藻类系统高效碳利用（7个项目，1500万美元）、高级生物燃料和生物能源的工艺开发（10个项目，2200万美元）以及经济实惠并且可持续的能源作物研发（3个项目，1500万美元）。美能源部长Perry表示，以上研发项目对发展国内能源资源、保持国家的繁荣和安全至关重要。
能源|美国因核武器与导弹交易制裁巴基斯坦两家公司|据国防科技信息网9月4日消息，根据出口管理条例（EAR）的有关规定，美国将巴基斯坦两家公司列入核武器与导弹交易相关活动出口实体名单，对其实施制裁。这两家巴基斯坦公司分别是：设在巴基斯坦的Technology Links私人有限公司和设在阿联酋的Techcare Services FZ有限责任公司。据悉，Technology Links有限公司被列入名单的原因是，该公司在没有获得所需许可证的情况下，参与了向巴基斯坦核武器与导弹交易相关活动出口实体名单相关方提供受EAR管制物项的活动；Techcare Services FZ公司被列入名单的原因是，该公司曾多次尝试收购最终用于巴基斯坦不受保障核计划的美国原产商品，并在最终用途核查期间提供虚假和误导性信息。
能源|美国爱达荷国家实验室成功研发高效质子传导固体氧化物电解电池（P-SOEC），大幅度降低电化学制氢温度|据ScienceDaily网9月4日消息，美国爱达荷国家实验室的研究人员成功研发出高效质子传导固体氧化物电解电池（P-SOEC），可在比以前更低的温度下生产高性能电化学氢气。P-SOEC电池具有多孔蒸汽电极、氢电极和质子传导电解质。当施加电压时，蒸汽穿过多孔蒸汽电极并在电解质边界处生成氧气和氢气。由于电荷不同，氧气和氢气会分离并在它们各自的电极处被收集。与传统高温蒸汽电解法相比，该方法大幅度降低了氢气的生产温度，有利于减少电解槽中昂贵耐热材料的使用，并可使氢的生产过程更持久。相关研究成果发表于《Advanced Science》期刊上。
海洋|美海军推出未来水面作战舰艇计划|据新浪军事9月5日消息，美海军领导人近期签署了未来水面作战舰艇计划（FSC）的初始能力文件。文件阐明了美海军未来舰队中所需的每一种平台的数量，以及每种平台如何更好地发挥传感、攻击、指挥与控制功能。美海军希望未来水面作战舰艇有足够的空间搭载直升机和无人系统；能支持远程导弹和武器系统；必须具备类似航母打击群中现役巡洋舰的防空指挥能力，并配备可用于防空和进攻性反舰用途的指挥中心；集成DDG 1000驱逐舰的信号控制和综合动力系统；灵活性高并具备模块化能力。美海军将从2023年开始采购未来水面作战舰艇的首个型号——大型水面作战舰艇。
航空|俄罗斯计划制造新的高速攻击直升机，其飞行速度可达400千米/小时以上|据航空工业信息网9月4日消息，俄罗斯直升机公司称，该公司可能从2019年起大规模生产一种新型高速攻击直升机。该直升机基于米-24攻击直升机建造，将配备直升机公司独有的旋翼系统，飞行速度可达400千米/小时以上。
航天|NASA的科学气球“Big 60”试飞最大高度达4.8万米，创漂浮飞行高度记录|据航天新观察9月5日消息，近日NASA的科学气球“Big 60”成功完成两次试飞，试飞最大高度达4.8万米，创漂浮飞行高度记录。“Big 60”是迄今最大的零压力气球，可搭载有效载荷飞行8小时。此次试飞，研究人员主要评估“Big 60”的总体设计和执行科学任务的能力，未来研究人员将进一步测试相关科学仪器。
航天|美国航空航天公司已启动“商用卫星环境响应评估”项目，利用小型辐射测定器评估太空威胁|据国防科技要闻9月5日消息，美国航空航天公司已启动“商用卫星环境响应评估”项目（REACH），将提升评估太空威胁能力。美国航空航天公司团队开发了一种小型太空辐射测定器。该测定器可通过监测近地轨道卫星周围的辐射环境，实现评估太空威胁的能力。目前，REACH项目在轨测定器的数量已达29个，未来还有3个测定器将被发射入轨。
科技战略|日本2019财年科学预算超百亿美元|据中国科技网9月6日消息，日本文部科学省（MEXT）近日提出了一项超百亿美元的雄心勃勃的预算提案，建议将其2019财年预算提高21%，达到1.17万亿日元（约105.4亿美元）。资金将用于建造百亿亿级超级计算机、新的X射线太空观测站以及探测中微子的顶级神冈探测器等庞然大物，助日本在相关领域再次领先。但新提案需要提交最高科学咨询小组——科学、技术和创新委员会与内阁办公室以及财政部磋商，届时这一金额肯定会缩水。
科技战略|美国国际战略研究中心发布《中国“一带一路”的缺陷》报告|据美国国际战略研究中心（CSIS）网站9月4日消息，CSIS发布《中国“一带一路”的缺陷》报告。报告认为中国的“一带一路”倡议存在无明确顶层官方定义、落到地方形成的六条经济走廊与国家对“一带一路”的宏观愿景存在差异、国内外的利益集团扭曲了习近平签署的外交政策愿景等重大问题，而这些问题可能是华盛顿的机遇所在。
信息|微软重叠语音识别技术取得进展|据Zdnet网站9月5日消息，微软研究人员通过综合运用神经网络、传统信号处理、语音分离和自动语音识别技术，大幅提高重叠语音识别的准确率。研究人员构建了一个七通道锥形麦克风阵列，使用麦克风接收信号并将信号处理后分离，从而在嘈杂的环境中实现高精度语音识别。
信息|耶鲁大学成功实现量子门在两个量子比特之间的远距传送|据Eurekalert网站9月5日消息，耶鲁大学研究人员成功实现量子门在两个量子比特之间的远距传送，向构建模块化量子计算机架构迈出关键一步。耶鲁研究人员的成果对超导电路量子计算研究具有开创性意义，有助于开发通用量子计算机。相关研究成果发表于《自然》杂志。
信息|Facebook将投资10亿美元在新加坡建立首个亚洲数据中心|据路透社9月6日消息，Facebook将投资10亿美元在新加坡西部建立首个亚洲数据中心，该中心是Facebook全球第15个数据中心，预计2022年投入运营。Facebook在亚洲业务不断扩展，此次新建数据中心就是为了满足移动服务、电子商务和云计算需求的增长。
生物|刚果两例埃博拉患者在接受世界卫生组织实验性疗法后康复|据生物前沿聚焦9月4日消息，刚果民主共和国两名埃博拉患者在接受世界卫生组织提供的单克隆抗体mAb114治疗后康复。根据世界卫生组织统计，截至8月25日，该国北基伍省和伊图里省共报告111例埃博拉病例，其中确诊83例，死亡72例，疑似病例28例。该地区疫情比7月24日刚果赤道省宣布的埃博拉疫情更加严重。为应对此次疫情，世界卫生组织已批准使用五种埃博拉实验性疗法，其中已为部分患者提供单克隆抗体mAb114和抗病毒剂Remdesivir治疗，其余三种治疗方法Favipiravir（GS5734）、REGN3470-3471-3479和ZMapp也将陆续用于治疗埃博拉患者。
生物|美国科学家研究发现全球变暖或致虫害增加、主粮减产，将严重影响中国水稻产区|据中国生物技术网9月4日消息，美国华盛顿大学等机构研究人员利用大量昆虫生理数据和气候模型相结合所开发的计算模型预测发现，全球变暖会使昆虫繁殖和代谢加速，可能导致小麦、玉米和水稻等世界主要粮食作物大幅减产。根据模型预测，全球平均气温每升高1℃，害虫导致的全球小麦、玉米和水稻产量损失将增加10%-25%。该模型还显示，如果全球平均气温升高2℃，害虫导致的全球小麦、玉米和水稻产量损失将分别增加46%、31%和19%。而所受影响最为严重的是美国玉米产区、法国小麦产区、中国水稻产区等处于温带的粮食产区。相关研究成果发表于《科学》期刊。
能源|美国密歇根理工大学通过改变硅蚀刻的类型将太阳能发电成本降低10.8%|据ScienceDaily网9月4日消息，美国密歇根理工大学的研究人员通过改变硅蚀刻的类型成功将太阳能发电成本降低10.8%。硅是太阳能光伏电池中使用的标准光捕获材料。通常使用的蓝色硅在经过标准蚀刻处理后，仍然无法有效地捕捉太阳光。研究人员通过使用干法蚀刻的纳米纹理化的黑色硅，并用适当的原子层沉积（ALD）涂层处理以减轻其表面缺陷，可使太阳能发电的每单位电力成本下降10.8%。相关研究成果发表于《Energies》期刊。
能源|日本开发出用于检查福岛核电站放射性污染的成像技术|据国防科技信息网9月4日消息，日本原子能机构宣布，其成功开发出用于检查福岛第一核电站放射性污染图像的技术。该成像技术将虚拟现实技术与东京电力公司核电站通过遥控设备获得的污染状况数据结合起来，可充分了解污染物的分布情况。日本原子能机构表示，该成像技术有助于降低核反应堆退役和其他安全措施中工作人员受到的辐射水平。
能源|韩国拟建全球最大浮动太阳能发电站|据环球网9月4日消息，韩国贸易、工业和能源部称，国营企业韩国西部电力公司与安山市签署谅解备忘录，将于2020年前在首尔以南42公里的西化湖上（SihwaLake）建造全球最大的浮动太阳能发电站，以利用清洁能源发电。据悉，该太阳能发电站建成后每年可为约35000个家庭提供足够的能源。
能源|丰田因发动机存在着火隐患召回103万辆混合动力车|据观察者网9月5日消息，丰田汽车公司计划在日本、北美、欧洲及其他地区召回约103万辆汽车。此次召回车辆主要是2015年6月至2018年5月期间在日本生产，并在日本、欧洲、澳洲和其他国家出售的插电式混合动力车型普锐斯以及C-HR紧凑型SUV。丰田表示这些汽车连接混动电力控制单元的线束可能在连接点与覆盖层接触。由于汽车的震动，如果线束或覆盖层积聚灰尘，线束的绝缘层可能随着时间老化而着火。
航空|台湾欲组建无人机编队，巡防台海岸线|据翔智科技信息网9月6日消息，台湾2019年国防预算草案披露，台湾军队将组建无机编队，巡防台海岸线。无人机编队将由台湾自主研制的无人机组成，包括“腾云”和“剑翔”无人机。“腾云”无人机可装备美国的AGM-114“地狱火”空对地弹，可对0.5-8公里内的目标发动精准打击。“剑翔”反辐射无人机可摧毁敌方雷达系统，或雷达安装平台。
航天|美国国家科学、工程和医学研究院建议NASA研制一台大型太空望远镜，以搜寻宜居的系外行星|据航小宇9月6日消息，美国国家科学、工程和医学研究院发布《系外行星科学战略》报告，建议NASA研制一台大型太空望远镜，以搜寻宜居的系外行星。该望远镜要能测量行星的反射光谱，以揭示氧、水和甲烷的丰度，从而确定这些行星的宜居性。报告的建议是基于一个基本结论，即在当前系外行星科学的研究水平下，人类有望很快找出可能适合宜居的行星。
新材料|丰桥技术科学大学开发全固态锂电池用的正极厚膜，能量密度高达300毫安时/克|据Phys.org网站9月5日消息，日本丰桥技术科学大学利用气溶胶沉积法，在石榴石型氧化物固体电解质上制备了钒酸锂（LVO）正极厚膜。气溶胶沉积法是一种室温条件下的膜制备工艺，其依靠陶瓷颗粒不断冲击基体并结合在一起，可避免高温热处理时电解质与正极之间的不良副反应。测试结果表明，LVO正极厚膜具有300毫安时/克的可逆充电容量，并且在100摄氏度表现出了良好的循环稳定性。相关研究成果发表于《Materials》杂志。
新材料|北海道大学开发出可将甲烷转化为合成气的新型催化剂|据Phys.org网站9月5日消息，日本北海道大学研究人员开发出一种新型催化剂，可在650摄氏度的条件下将甲烷转化为合成气（一氧化碳和氢气）。研究人员首先将金属钴分散在沸石中，然后在弥散细小的金属钴中添加少量贵金属铑，成功得到了新型催化剂。测试结果表明，新型催化剂在650摄氏度条件下成功将86%的甲烷转化为合成气，这一温度远低于传统方法的900摄氏度。相关研究成果发表于《Communications Chemistry》杂志。
先进制造|俄罗斯科学家设计出“金枪鱼”自主水下机器人|据国防科技信息网9月6日消息，俄罗斯洛巴切夫斯基州立大学研究人员研发出一款“金枪鱼”仿生水下机器人。该机器人是一个仿鱼型的水下自主平台，拥有多种传感器模块，可执行不同任务，其生物形态和特性能够减少机器人作业时对周围生态环境产生的影响。该水下机器人的尺寸最小约为一米，最大可有成年雌性鲨鱼的大小。和现有的探测器相比，该机器人更加灵活，操纵性更好，并且能够进行较远范围的水下通信。该机器人将在指定水下区域的3D空间内进行监视、测量并记录相关参数。
先进制造|美国增材制造创新机构发布定向研究项目|据南极熊9月6日消息，美国增材制造创新机构（AmericaMakes）发布了两个定向项目。项目由空军研究实验室（ARL）材料和制造局下属的制造与工业基础技术部门提供资金支持。第一个项目侧重于加速大规模增材制造（ALSAM）研究，包括一个子项目，其目的是克服激光选区熔化增材制造技术的主要缺点，这些缺点限制了该技术的广泛应用。第二个项目侧重于推进增材制造后处理技术（AAPT）研究，包括两个子项目，目的是更好地了解现有技术，以制造出合格零件，明确认证过程，同时降低成本。美国增材制造创新机构和空军研究实验室将为两个项目分别提供约210 万美元与160万美元的资金支持。
信息|美国指控朝鲜黑客参与多起网络攻击事件|据路透社9月6日消息，美国司法部指控一名朝鲜黑客受朝鲜当局指使，参与了2017年全球WannaCry勒索软件网络攻击、2016年入侵孟加拉国中央银行和2014年对索尼公司的网络攻击。美国财政部还将对该黑客和雇佣他的朝鲜公司实施经济制裁。
信息|巴西科学家实现单激光源下多个光波的光量子纠缠|据Eurekalert网站9月6日消息，巴西圣保罗大学物理研究所在实验中利用单激光光源产生6个光波，成功实现6个光波的光量子纠缠。量子之间的纠缠可以使量子计算机在执行诸如模拟或素数因子分解等任务时优于传统电子计算机，此项发现有助于推动量子计算机的相关研究。
信息|IBM与纽约市警察局开发出可根据肤色等外在特征搜索人员的AI系统|据新浪科技9月7日消息，美国科技媒体The Intercept与美国国家研究院非盈利调查基金的最新报告显示，IBM与纽约市警察局合作开发了一种AI系统，可以让警方根据肤色、发色、性别、年龄和各种面部特征去搜索相关人员。该系统还有一个改进版本，可以根据种族进行人员搜索。纽约市警察局表示，早在2012年就对该系统进行了测试，但最终并未部署。
生物|美国CRISPR Therapeutics公司宣布启动首个基因编辑临床试验，治疗地中海贫血症|据生物探索网9月7日消息，由CRISPR“先驱”Emmanuelle Charpentier创办的CRISPR Therapeutics公司与Vertex公司联合宣布，将在德国启动β-地中海贫血体外基因编辑疗法“CTX001”的临床试验。不同于靶向导致疾病缺陷基因的疗法，CTX001是通过剪切BCL11A基因（抑制胎儿血红蛋白的产生）实现治疗目的的。
生物|中国科学家首次利用单碱基编辑技术对人类胚胎遗传疾病基因进行修复|据DeepTech深科技9月7日消息，中国上海科技大学与广州医科大学合作，以体外受精的遗传缺陷胚胎作为研究对象，使用CRISPR单碱基编辑技术（BE3），成功对突变的FBN1基因（可导致马凡氏综合征）进行修正，验证了单碱基基因编辑技术的安全性与高效性。相关研究成果发表于《Molecular Therapy》期刊。
能源|LG化学公司计划斥资16.3亿美元在波兰建电池工厂|据北极星储能网9月5日消息，LG化学公司计划将于今年投资16.3亿美元在波兰开设欧洲最大的电动车电池工厂。该工厂将聘用2500人，地点位于弗罗茨瓦夫市。据悉，该工厂制造电池所需的锂和其他原材料前期将从LG韩国母公司进口，随后将从波兰供应商处购买，生产的主要产品将供给大众、戴姆勒等德国客户。分析人士表示，随着电池巨头纷纷在欧洲建厂，未来欧洲电池市场的竞争将变得更加激烈。
能源|奔驰推出首款纯电动车|据新华网9月6日消息，德国戴姆勒旗下高档品牌梅赛德斯-奔驰在斯德哥尔摩发布会上推出第一款纯电动汽车EQC。该纯电动汽车基于奔驰MEA模块化电气平台打造，配备两个电动马达，百公里加速5.1秒，车内搭载大型显示屏，可进行语音操作。该车型满电续航里程能达到450公里，在快充模式下由充电10%至80%只需40分钟。为了吸引高端用户和年轻一代，奔驰设计了独特的全宽后灯以及精致的内饰。据悉，EQC将在德国不莱梅和中国生产，2019年夏季在欧洲上市，2019年底在中国上市，2020年初在美国和日本上市，售价将于2019年春季公布。
海洋|俄将在2027年前研制出能够装备导弹的“奥兰”地效飞行器|据装备参考网9月4日消息，美国《国家利益》网发表了一篇题为《俄罗斯海军研制融合舰船与飞机的地效飞行器》的报道。报道称，俄研制的“奥兰”地效飞行器兼具舰船与飞机的特征，可携带导弹，且将在俄罗斯北海航线如巴伦支海巡逻。俄副总理尤里·鲍里索夫称，根据最新的十年防务计划，俄罗斯将在2027年前研制出这种能够装备导弹的地效飞行器。
海洋|美海军发布《海军水面技术创新其他交易授权协议》信息征询书|据国防科技要闻9月7日消息，美海军近日发布一份名为《海军水面技术创新其他交易授权协议》的信息征询书。该征询书表示海军水面作战中心希望与由传统和非传统国防承包商组成的企业联盟，签订新的其他交易授权（OTA）协议。OTA协议的目标是通过发展先进技术，维持美国海上优势，并征求业界对建议技术的反馈。其中包括有助于维持海上优势的成熟技术；更好地为作战人员提供信息和装备的试验；展示增强作战能力的新技术；为水面系统寿命周期挑战提供创新解决方案。
航空|欧洲空客公司推出空中军事通信网络解决方案“天空网络”，预计在2020年可形成全面作战能力|据晓月无声9月7日消息，近日欧洲空客公司推出空中军事通信网络解决方案——“天空网络”（NFTS）。NFTS将整合各种技术，形成单一的全球安全网络，使作战飞机具有信息优势，并将扩展飞机的多任务能力。NFTS是空中互联作战的基础，其目标是到2020年形成全面作战能力。
先进制造|美国耶鲁大学开发出新金属3D打印工艺|据3D虎9月7日消息，美国耶鲁大学研究人员开发出一种简单的金属3D打印工艺，将金属玻璃制成的金属丝融合成金属物体。研究人员利用大块金属玻璃（BMG）与塑料相似的高强度、高弹性、高断裂韧性以及高耐腐蚀性等特征，通过FFF 3D打印技术将其软化挤出，生成坚固的高强度金属部件。该方法避免了激光熔融技术所需的支撑结构，简化了金属3D打印过程，可以帮助快速实现和扩大金属3D打印应用。
科技战略|德国政府出台《高科技战略2025》|据中国科技网9月10日消息，德国联邦政府近日出台了《高科技战略2025》。战略重点放在“如何把握我们时代的巨大挑战”和“切实提高公民生活质量”上，涵盖了健康和护理、可持续及气候保护和能源、零排放智能化交通等7个重点领域，以及“国家10年”抗癌计划等12项任务，为德国未来7年高科技创新制定了目标。为此，德国联邦政府在2018年已投入超过150亿欧元。
科技战略|美印签署《通信兼容性与安全协议》|据国防科技信息网9月10日消息，美印近日签署了《通信兼容性与安全协议》，为美国向印度出口武装无人机以及其他武器装备铺平了道路。根据该协议，印度将允许美国在进口武器上安装美制通信设备。该协议将有助于印度从美国获取更加先进的技术和装备，其中包括多年来一直希望从通用原子公司引进的“捕食者”（Reaper）MQ-9A无人机的武装型。
信息|DARPA将投入20亿美元开发下一代人工智能技术|据战略前沿技术9月9日消息，DARPA宣布将投入20亿美元开发下一代人工智能技术，寻求探索新的理论和应用，使机器能够适应不断变化的环境。DARPA将下一代人工智能看作是技术进步的第三次浪潮，希望通过推动人工智能技术的发展，使其获得类人的交流和推理能力、识别新情况和环境并适应的能力，提高人工智能工具运作的透明度，解决当前严峻的安全挑战。
信息|DARPA脑机接口研究取得进展，成功通过脑电波控制多架飞机|据Nextgov网站9月7日消息，DARPA脑机接口研究取得进展。在与模拟飞机的交互实验中，研究人员利用植入人脑的微型芯片，成功通过脑电波直接控制多架大型喷气式飞机。此前，DARPA脑机接口芯片已经可以使人类控制无人机机群和单架F-35战机。最新的技术突破使得人类可以同时控制3架喷气式战机，且实现了飞机信号回传大脑。
信息|欧盟有望年底前就征收数字税达成一致|据新华网9月9日消息，欧盟财政部长非正式会议在对大型跨国互联网企业征税问题上的磋商取得进展，有望今年年底前达成一致。法国经济和财政部长与德国财政部长均表示，虽然在数字税问题上还有许多未解问题，需要进行更多讨论，但欧盟内部有很大可能在年底前达成一致。
生物|瑞士科学家发现试管婴儿患高血压风险显著增加，或因体外受精过程中DNA甲基化改变|据奇点网9月9日消息，瑞士伯尔尼大学科学家发现试管婴儿相比普通婴儿，患高血压风险显著增加。通过对52名试管婴儿持续观测，发现其舒张压平均比普通同龄人高2.3毫米汞柱，收缩压平均高4.2毫米汞柱。这些试管婴儿16岁时已有8人达动脉性高血压诊断标准（>130mmHg/80），而对照组40名普通同龄人中只有1名达到此标准，比试管婴儿低6倍。研究人员在小鼠临床实验中发现，体外受精过程中DNA甲基化改变是导致后代高血压原因之一，未来将尝试通过改变培养基成分消除这一影响。相关研究发表于《循环》和《美国心脏病杂志》等期刊。
生物|全球首个基于CRISPR技术的基因疗法临床实验在德国启动，将治疗地中海贫血|据信息安全法律评论9月10日消息，瑞士CRISPR Therapeutics公司与美国福泰制药公司合作在德国一家医院启动全球首个基于CRISPR技术的基因疗法“CTX001”临床试验，将治疗β-地中海贫血。CTX001通过剪切BCL11A基因（抑制胎儿血红蛋白的产生）实现治疗目的。临床数据表明，当BCL11A基因抑制作用解除后，β-地中海贫血或镰状细胞贫血病患者将能自主生成充足的血红蛋白，以减缓所患疾病的影响。据悉，该项目在欧洲启动临床试验后，下一步将在美国启动。
能源|美能源部宣布投资8000万美元用于先进车辆技术研究|据美国能源部官网9月5日消息，美国能源部（DOE）宣布投资42个项目，总计8000万美元，用于支持先进的车辆技术研究。选定的研究项目包括以下5个领域：电池和电气化（3190万美元）、材料（840万美元）、技术整合（2680万美元）、发动机和燃料（1010万美元）、越野和流体动力系统（340万美元）。分析人士表示，该项目通过投资运输技术的早期研究，提高美国消费者和企业的交通运输能力，并减少对外国关键材料来源的依赖，加强国内能源安全，促进美国经济增长。
能源|美中意研究团队发现风光电建设可增加沙漠降雨量|据澎湃新闻网9月7日消息，美国马里兰大学、伊利诺伊大学、北京师范大学、意大利国际理论物理中心、中科院大气所科学家组成的国际团队，通过动态气候模拟实验发现，沙漠地区太阳能和风力发电场的大规模安装可以带来更多的降雨，并促进植被生长。其中，风电建设会带来日均降水量平均增加0.25毫米，光伏建设增加日均降水量约0.13毫米。当风电与光电同时建设时，降水量的增加幅度最大可达到日均0.35毫米。据悉，该研究模拟的风力和太阳能农场覆盖超过900万平方公里，平均产生约3太瓦和79太瓦的电力。相关研究成果发表在《科学》期刊上。
能源|俄罗斯首座浮动核电站将于2018年底试运行|据中国核电信息网9月7日消息，俄罗斯浮动核电站建设和运营机构的负责人维塔利•特鲁特涅夫表示，俄罗斯首座浮动核电站“罗蒙诺索夫院士”号将在2018年底试运行，反应堆设施的物理启动及测试工作将持续到2019年3月。据悉，“罗蒙诺索夫院士”号浮动核电站是俄罗斯一系列可移动、便携式低功率机组的首要项目。俄罗斯国家原子能公司的子公司阿夫里坎托夫设计局是该核电站反应堆装置的主要设计、制造和成套设备供应单位。
能源|美研究报告称巴基斯坦可能成为世界第五大核武器国家|据国防科技信息网9月7日消息，美国跟踪巴基斯坦核武器发展的最新报告《巴基斯坦2018年核力量》表示，巴基斯坦目前拥有140-150枚核弹头，到2025年核弹头储备量预计将增至220-250枚，可能成为世界第五大核武器国家。报告表示，随着多个运载系统的开发、4个钚生产堆以及铀浓缩设施的扩大，巴基斯坦核武器库存量可能会在未来10年内进一步增加。据悉，本报告的第一作者汉斯•克里斯滕森是美国科学家联合会（FAS）核信息项目的负责人。
能源|通用投资2800万美元扩建美国电池研发实验室，加快电池研发进程|据中国储能网9月7日消息，通用公司首席执行官Mary Barra表示，通用将投资2800万美元(约合人民币1.91亿元)，用于扩建美国电池研发实验室，加快电池研发进程。该项投资将用于通用在美国密歇根州沃伦市的全球技术支持中心建设新测试实验室以及购买新一代电池高端设备。该中心主要负责测试和验证电池及车辆电气系统的整合。据悉，通用计划至2023年在全球范围内销售至少20款纯电动车和氢燃料电池汽车。
海洋|日本新型驱逐舰将装备“标准-6”超音速防空导弹|据国防科技信息网9月7日消息，日本防卫省发言人宣布，海上自卫队两艘改进型“爱宕”级驱逐舰将装备“标准-6”超音速防空导弹（SM-6）。新型驱逐舰可由空中战机提供远程目标信息，然后发射“标准-6”导弹，再由战机或其他空中电子作战平台进行中继制导，直至完成超远程打击任务。“爱宕”级驱逐舰计划建造两艘，首舰“摩耶”号已于7月在横滨下水，预计2021年进行作战部署。
海洋|中国首艘自主建造的极地科考破冰船“雪龙２”号下水|据中国海洋网9月10日消息，中国首艘自主建造的极地科考破冰船“雪龙2”号在江南造船厂顺利下水。“雪龙2”号总长122.5米，型宽22.3米，吃水8.3米，设计排水量近14000吨，最大航速16.8节，结构强度满足PC3要求，具备双向破冰能力。该船由芬兰阿克北极技术有限公司负责基本设计，中船集团第708研究所负责详细设计，预计2019年交付并投入使用。
航空|俄罗斯首批A-100预警机将在2020-2021年开始交付部队|据航空工业信息网9月10日消息，俄罗斯首批A-100预警机计划在2018年年底开始试飞，并将在2020-2021年开始交付部队。A-100预警机是在伊尔-776MD-90A飞机的基础上研发的，可提升俄军在指定作战区域的雷达部署能力。该机可为战斗机和其他空中力量提供敌方空中、海上和陆地的目标数据。
航天|美国SpaceX公司“猎鹰9”火箭成功发射加拿大电信卫星公司超重型静地轨道卫星“电信星”18V|据航小宇9月10日消息，美国SpaceX公司的“猎鹰9”火箭成功发射加拿大电信卫星公司超重型静地轨道卫星“电信星”18V。该卫星由劳拉空间系统公司采用1300系列平台建造，发射重量7060公斤，设计寿命15年。同时，该卫星是世界上迄今发射重量最重的商业通信卫星。
新材料|东京大学利用机器学习技术分析材料光谱大数据|据EurekAlert网站9月6日消息，东京大学工业科学研究所开发出一种基于机器学习技术的光谱大数据分析方法。研究团队利用理论计算方法建立了与原子结构相匹配的光谱数据库，并利用层聚类和决策树两种机器学习方法，对光谱大数据进行解释和预测。结果表明，该方法可成功应用于能量损耗近边精细结构（ELNES）和x射线吸收近边缘结构（XANES）复杂光谱的解释，以及材料光谱特征的预测。相关研究成果发表于《Scientific Reports》期刊。
新材料|俄意美研究人员采用硅纳米粒子提升钙钛矿太阳能电池的效率|据EurekAlert网站9月6日消息，俄罗斯圣光机大学、圣彼得堡国立大学、罗马第二大学和德克萨斯大学的研究人员合作，利用硅纳米粒子提升钙钛矿太阳能电池的效率。硅纳米粒子可增加光吸收层的光捕捉性能，从而提升钙钛矿太阳能电池的效率。硅纳米粒子本身不会因吸收光而导致发热，且硅纳米粒子具有化学惰性，不会影响太阳能电池的稳定性。相关研究成果发表于《Advanced Optical Materials》期刊。
新材料|橡树岭国家实验室开发出可将废糖转化为超级电容器材料的合成技术|据Phys.org网站9月7日消息，美国能源部橡树岭国家实验室开发出新型合成技术，能够将木屑、草屑等废糖转换为球形碳材料，可用于制备超级电容器。在高温和高压条件下，研究人员采用水热碳化法将废糖转化为碳材料。糖与水结合后在高压下会形成球形碳材料，而采用乳液物质替代水会形成空心球状的碳化物。通过设计合成过程，研究人员可获得不同形状和大小的碳化物，对超级电容器的制备具有重要影响。该技术未来有望应用于手机、混合动力汽车、警报系统动力等领域。相关研究成果发表于《Scientific Reports》期刊。
先进制造|美国西南研究院3D打印涡轮机可使无人机运行数千小时|据OF week网9月10日消息，美国西南研究院（SwRI）正在开发一种用于小型发电机的3D打印冷却径向燃气轮机，可为无人驾驶飞行器（UAV）提供数千小时的电力。研究人员利用选择性激光熔化技术创建带有内部空气通道的复杂设计，可以在不牺牲其性能的情况下冷却涡轮机。该3D打印涡轮机专为小型无人机需求定制，与现有无人机涡轮机几百小时的运行寿命相比更加高效。
先进制造|三星在纽约设立第六家AI研究中心，专注机器人技术研发|据cnbeta9月10日消息，三星电子在纽约设立了旗下第六家全球人工智能研究中心。三星纽约中心将研究机器人技术，由6月加盟三星的人工智能机器人权威专家丹尼尔·李出任主任。基于神经工程学的AI领域著名学者承现峻将作为该中心首席研究科学家，参与AI先导研究。这是继三星集团在韩国、美国（硅谷）、英国、加拿大和俄罗斯之后，开设的第六家人工智能研究中心。
科技战略|2018财年前10个月美国武器销售额达469亿美元，已超过2017财年全年销售额|据国防科技信息网9月10日消息，2018财年前10个月美国武器销售额达到469亿美元，已超过2017财年全年销售额410亿美元。美国国防部官员表示，提高武器销售额是特朗普政府“美国优先”战略的一部分，可以促进美国制造业发展，并减轻美国国防部提供全球安保的经费压力。白宫的支持和引导、弹道导弹威胁上升及美国武器具备的优势是美国武器销售额增长的主要因素。
科技战略|新美国安全中心发布《填补美国远程穿透打击的裂缝》报告|据新美国安全中心（CNAS）网站9月10日消息，CNAS发布《填补美国远程穿透打击的裂缝》报告。报告认为，中俄当前的反介入/区域拒止（A2/AD）能力已足以禁止美国在其境内执行与政权更迭有关的任务，且中俄还在不断地发展这种能力，美国应重点投资以航空母舰和远程重型轰炸机为基础的远程穿透打击能力，以在大国崛起的时代维持其作为超级大国的统治地位。
科技战略|DARPA局长展望DARPA未来发展战略|据国防科技信息网9月11日消息，DARPA局长史蒂文•沃克在该局近日举行的60周年庆典启动仪式上，展望了DARPA未来发展战略，包括捍卫国家应对现存威胁、为美军提供威慑和战胜同级别对手的能力、更有效地开展维稳工作、奠定其他所有使命的基础等四大重点方向，并提及自主赛博安全、抵御生物威胁、人工智能和新计算技术等将重点发展的技术或领域。
信息|日本瑞萨电子斥资67亿美元收购美国芯片公司IDT|据路透社9月11日消息，日本芯片制造商瑞萨电子宣布，该公司将斥资67亿美元收购美国芯片厂商IDT，希望借此提升无人驾驶汽车领域的专业技术。瑞萨电子在汽车芯片领域的地位仅次于恩智浦公司。通过此次收购，瑞萨可获得IDT在无线网络和数据存储芯片领域的技术，对其进一步研发无人驾驶汽车芯片至关重要。
信息|英美科学家发现人工智能会对事物认知产生偏见|据环球网9月10日消息，英国卡迪夫大学与美国麻省理工学院的计算机科学和心理学专家合作发现，人工智能在识别、训练和学习资料之后，可能会对事物认知产生偏见。研究人员发现人工智能通过不同算法的训练，可能从数据资料中学习到性别歧视、种族歧视等认知偏见，甚至可能进化出不同的偏见群体。
生物|日本爆发猪瘟并已暂停猪肉出口，该疫情与中国爆发的非洲猪瘟不同|据观察者网9月10日消息，日本农业水产省发表声明称，日本中部岐阜市确认爆发猪瘟疫情，并下令暂停猪肉和野猪肉出口。该疫情与此前中国爆发的非洲猪瘟并不相同，现已造成约80头猪死亡。疫情爆发农场剩余的610头猪将被宰杀以控制疫情。据悉，日本熊本县曾在1992年发现5头猪感染猪瘟，日本政府在2007年宣布这一猪瘟病毒已被消灭。此外，在我国其他周边国家中，越南于今年8月爆发猪蓝耳病疫情，导致5万多头猪病死或被屠杀。
生物|美国科学家通过重编程获得皮肤干细胞，首次实现大面积创口原位皮肤再生|据奇点网9月10日消息，美国索尔克研究所科学家通过对伤口处细胞直接重编程为表皮祖细胞，进而产生表皮细胞以修复伤口，首次实现大面积创口原位皮肤再生。研究人员通过比较间充质细胞和角质形成细胞的表达谱，确定4个重编程关键基因DGTM，然后用装载DGTM的腺病毒感染实验小鼠皮肤伤口，28天后伤口完全愈合。此后，研究人员进一步改进实验方案，通过用凝胶搭载病毒并与生物活性分子FGF2和Rock抑制剂联合使用，伤口愈合时间缩短至17天。该项研究有望为烧伤、糖尿病足、褥疮等造成的难愈性伤口提供有效治疗方法，相关研究发表于《自然》期刊。
生物|美国开展抗疟疾新药DM1157临床实验，以应对疟疾虫耐药性增加|据NIH网9月10日消息，美国波特兰州立大学发明并由DesignMedix开发的抗疟疾新药DM1157目前已开展第1阶段临床实验，以测试此款新药安全性及其对人体的影响。据世卫组织数据显示，2016年全球共新发疟疾约2.16亿感染病例和44.5万死亡病死，主要发生在撒哈拉以南非洲儿童身上，现有几款抗疟疾药物的疗效随着疟疾虫耐药性增加而减弱。新型药物DM1157是传统抗疟疾药物氯喹的改良形式，可干扰寄生虫新陈代谢，并能抑制寄生虫排出药物。目前该临床实验已招募104名志愿者参与，相关研究受到美国国立卫生研究院国家过敏和传染病研究所（NIAID）资助。
能源|科威特与美国签署禁止核材料、放射性物质贩运的合作协议|据中国能源网9月7日消息，科威特海关总署和美国国家核军工管理局（NNSA）签署了一项合作协议，旨在禁止贩运核材料和其他放射性物质。科威特海关总署署长Al-Jalawi表示，该协议的签署是与美方进行长期讨论，在打击非法贩运放射性材料方面取得的重要成果。该协议有利于科威特增加放射性材料检测设备的供应，从而使科威特成为在与这些危险物质做斗争的最前沿的国家之一。据悉，通过该协议，美国将为科威特在国际机场、港口和陆地边境打击放射性材料非法贩运提供支持。
海洋|中国“海龙11000”创纪录完成深海5630米试潜|据新华网9月10日消息，中国自主研发的深海装备“海龙11000”无人缆控潜水器（ROV），在西北太平洋海山区完成6000米级大深度试潜，最大下潜深度5630米，创造了我国ROV深潜纪录。本次深潜试验，验证了潜水器装备系统的功能、耐压与水密性，以及系统稳定性。“海龙11000”具备良好的深海观测探测能力，可以支持在大洋科考船上常用的万米铠装光电缆上的应用。
航空|欧洲空客公司发布《天空蓝图：自主式无人机交通管理路线图》|据航空简报9月11日消息，欧洲空客公司“无人机交通管理”（UTM）小组发布了《天空蓝图：自主式无人机交通管理路线图》。该路线图表明了空客公司对未来空域的需求。该路线图显示，未来空中业务将更加繁忙，商务空中交通量将在未来15年内增加1倍，其中自主式飞机重要性将越发突出。
航空|美空军授予普惠公司4.37亿美元合同，为六代战机开发自适应发动机系统|据航空工业信息网9月11日消息，美空军授予普惠公司4.37亿美元合同，为六代战机开发自适应发动机系统。该系统能够在保证高推力和燃油效率的情况下，大幅提升任务系统的性能和散热量，并将在2020年代中期取代F-35战斗机配装的惠普F135发动机。
航空|DARPA提出“滑翔破坏者”拦截器概念，称其可拦截高超声速导弹|据装备参考9月11日消息，DARPA在成立60周年研讨会上提出“滑翔破坏者”拦截器概念，称其能够对抗俄罗斯和中国的高超声速武器。该拦截器是一种小型飞行器，可直接击中被拦截目标，从而摧毁敌方的超声速导弹。DARPA在其发表的声明中指出，“滑翔破坏者”将扩展美国防御高超声速武器和所有高超声速威胁的能力。
先进制造|麻省理工学院开发出可使机械臂任拾取任意物体的新系统|据cnBeta9月11日消息，麻省理工学院研究人员开发出新系统，可帮助机械臂拾取从未见过的任意物体。该系统名为DON（Dense Object Nets），它能够生成一个“可视化路线图”，即以坐标形式排列的可视化数据点集合，可使机器人检查随机物体，并在视觉上理解物体，使其在从未看到过该物体的情况下执行特定任务，比如从一堆相似物中挑选出指定物体。该系统将促进工业机器人分拣、抓取技术的进一步发展。
科技战略|英国发布《未来安全科技趋势》报告|据战略与政策论坛9月11日消息，英国国防部国防和安全加速器（DASA）近日发布《未来安全科技趋势》报告。报告主要分为通信技术、自然科学和社会科学等三大块，涉及人工智能、量子技术、数据科学和互联网等22个具体科技领域。报告认为创新步伐加快、信息挑战、技术融合、自动化和科技赋予人类更大力量等是未来科技发展的总体趋势。报告提出了强化教育与提高意识、保护材料和数据、促进创新、强化政府数据发掘能力、关注科技发展的不对称作用、加强监视与监护等6项建议，以适应上述未来科技趋势。
科技战略|布鲁金斯学会发布《2020-2040军事技术变化预测》报告|据布鲁金斯学会官网9月11日消息，布鲁金斯学会发布《2020-2040军事技术变化预测》报告。报告将军事及其相关技术分为传感器、计算机和通信系统、主要武器平台及其支撑技术、新型武器系统及其他新技术等4大类型，以及网络攻击能力、量子计算、人工智能和大数据等约40个子类型，并对其进行分析。报告认为，未来20年（2020-2040）内，计算机创新将更具革命性，机器人、网络安全、人工智能、能源系统、高超声速导弹和先进材料等将是引发军事技术变化的主要推动力。
信息|爱立信与T-Mobile签署价值35亿美元5G的合同|据路透社9月11日消息，爱立信和美国第三大移动运营商T-Mobile签署价值35亿美元的合同，爱立信将向T-Mobile提供符合3GPP标准的5G硬件和软件设备，以支持其在美国部署5G网络。T-Mobile计划2018年在美国30个城市建立5G网络，并于7月份同诺基亚签署了35亿美元的5G设备供应合同。
信息|立陶宛研究人员开发人工智能工具预测可能发生犯罪的城市区域|据Eurekalert网站9月11日消息，立陶宛考纳斯理工大学研究人员正开发一种人工智能工具，帮助预测犯罪可能发生的城市区域。研究人员将收集包括人员流动、城市规划、交通管理和犯罪预防分析在内的大量数据，通过多种算法对人工智能工具进行训练，从而精准预测出可能发生犯罪的城市区域。
信息|美国防部将研发隐藏式通讯设备|据Defenseone网站9月10日消息，美国防部与Molar Mic公司签署价值约1000万美元的合同，研发隐藏式通信设备。Molar Mic将研发一种可藏在牙齿附近的声音接收装置，佩戴者发出的声音由该装置经无线电发射器向外传输，从而实现对外通信。这套系统研发成功后可能用于情报机构和前线军队的安全通信。
信息|DARPA研发新技术以识别隐藏的僵尸网络|据Nextgov网站9月11日消息，DARPA与网络安全公司Packet Forensics签署合同，开发新技术来定位和识别隐藏的僵尸网络。黑客用恶意软件感染连接互联网的设备组建僵尸网络，但在未实施网络攻击的情况下，僵尸网络处于休眠状态，很难被发现。DARPA希望研发新技术，可以自动查明受感染的设备，并在黑客不觉察的情况下禁用其恶意软件，瓦解僵尸网络。
生物|美国家科学基金会资助18个跨学科项目共1600万美元，用于神经和认知系统的交叉研究|据NSF网9月11日消息，美国家科学基金会（NSF）资助18个跨学科项目共计1600万美元，以支持对神经和认知系统的交叉研究并探索其与教育、工程和计算机科学相互作用等。NSF资助的18个项目将在四个重点领域推进脑科学前沿研究：神经工程与类脑的概念和设计、个体特征与差异、现实复杂环境中的认知和神经过程以及数据密集型的神经科学和认知科学等。该资助是NSF“神经和认知系统综合策略（NCS）计划”的一部分，也将有助于推进NSF的 “理解大脑”和“大脑倡议”等计划。
生物|奥地利成第16个签署“欧洲跨境基因组数据库合作宣言”国家，将促进欧盟个性化医疗发展|据欧盟官网9月11日消息，在欧盟卫生部长非正式会议期间，奥地利成为第16个签署“欧洲跨境基因组数据库合作宣言”的国家。该宣言目标是欧盟在2022年前获得100万个基因组数据，以改善对疾病特别是对罕见疾病、癌症和脑疾病等的理解和预防，促进欧盟个性化医疗发展，提升欧盟科研实力和工业竞争力。该宣言将授权成员国对各自遗传和卫生数据库进行安全跨境访问，并加强成员国合作以提高欧盟各方案互相操作性和统一性，同时使个人数据受到最高标准保护。该宣言于2018年4月提出，已有希腊、意大利、西班牙、瑞典和英国等15国签署。
能源|多家日本汽车制造商合资成立电池回收企业|据中国能源网9月10日消息，多家日本汽车制造商宣布将合资成立电池回收企业。该项目主要由日本汽车制造商协会和日本经济产业省组织，目的是降低电池收集的成本，并为废旧电池创建一个高效和可持续的电池回收系统，成本由各方承担。日本汽车循环利用协作（Japan Auto Recycling Partnership）组织将负责运营该合资企业。据悉，该项目将在日本七个县（北海道、秋田、茨城、爱知、冈山、广岛和山口）设立相应的工厂，并对进口汽车销售商和电动汽车初创公司开放。
海洋|俄北方舰队将在北极地区部署“堡垒”岸基导弹系统，旨在更有效地监控和保护北方航线|据新浪军事9月11日消息，俄罗斯北方舰队将在科捷利内岛（俄在北极最大的军事基地位于科捷利内岛）部署“堡垒”岸基导弹系统，旨在更有效地监控和保护北方航线。该导弹系统由俄罗斯机械制造科学生产联合公司研发，可摧毁不同类型和级别的水面战舰。据北方舰队司令尼古拉·叶夫梅诺夫海军上将称，北方舰队将在最近几年内完成在北极部署军事基础设施的计划工作，保护俄罗斯在该地区的国家利益。
航天|五角大楼希望利用商业卫星阻止高超声速武器|据翔智科技信息网9月12日消息，近日美国参谋长联合会议副主席、空军上将保罗·塞尔瓦表示，国防部可使用商业卫星防御敌人的高超声速武器。他认为利用商业卫星探测和跟踪敌方的高超声速武器，能低太空作战成本并增加系统弹性。同时，商业卫星可帮助美国构建更加强大的天基传感器层，以应对不断增长的太空威胁。
新材料|加州大学伯克利分校利用金刚石色心和多铁性薄膜，开发出高效率磁传感器|据EurekAlert网站9月10日消息，加州大学伯克利分校研究人员利用金刚石色心材料，开发出效率高、成本低的磁传感器设备。传统的磁传感器体积庞大，功耗、成本极高，且只能在高温下工作。研究人员将包含大量色心的金刚石纳米晶体放置在多铁性薄膜上，开发出功耗低的磁传感器设备。其中，多铁性薄膜可更有效地将微波传导至金刚石色心，促使色心处的氮原子发射激光，进而可检测磁场强度。新型设备的功耗只有传统设备的1/1000，可用于移动电子设备、医疗成像、自然资源勘探等领域，并可为量子计算系统的研制提供技术支撑。相关研究成果发表于《Science Advances》期刊。
新材料|德国科学家首次证实，石墨烯可将千兆赫兹电子信号转换为太赫兹电子信号|据EurekAlert网站9月10日消息，德国亥姆霍兹德累斯顿罗森道夫研究中心（HZDR）、杜伊斯堡-埃森大学（DUE）和马克斯普朗克聚合物研究所（MPI-P）的科学家组成研究小组，通过实验证实石墨烯可将千兆赫兹（kGHz）的电子信号转换为太赫兹频率（THz）的电子信号。研究团队采用的材料是具有大量自由电子的石墨烯，这些自由电子可被振荡电磁场激发，并导致石墨烯电导率产生快速、强烈的变化。基于该原理，研究团队使用TELBE的电磁脉冲设备，成功将300-680千兆赫兹的电子信号转换为太赫兹的电子信号，其频率为初始值的3-7倍。该研究为超高速纳米器件的开发提供了可能。相关研究成果发表于《Nature》期刊。
新材料|北海道大学开发出三明治结构的光电极，可高效吸收太阳能|据材料科技在线9月11日消息，日本北海道大学研究人员开发出一种新型三明治结构的光电极，可用于高效吸收太阳能。研究人员将30纳米二氧化钛薄膜夹在100纳米金膜和金纳米颗粒之间，用来增强光吸收。当系统受到来自金纳米颗粒侧的光照射时，金膜会作为镜子工作，将光捕获在两个金层之间的空腔中，并帮助纳米颗粒吸收更多的光。结果表明，85%的可见光都被光电极收集，这比以前的方法更加高效。新型光电极可有效地将阳光转化为可再生能源，有助于实现可持续社会。相关研究成果发表于《Nature Nanotechnology》期刊。
先进制造|以色列开发模仿蝙蝠的机器人，可利用声音在新环境中定位导航|据战略前沿技术9月11日消息，以色列特拉维夫大学近日开发出一种模仿蝙蝠的陆生机器人Robat，它可以采用回声定位来穿越新环境，并完全通过声音来绘制地图。Robat具有一个超声波扬声器，可以模仿类似蝙蝠啁啾速率的调制频率，还具有两个超声波麦克风，能勾画出它所遇到的物体的边界，并采用人工神经网络进行分析，然后创造出丰富、精准的环境地图。该机器人展示出未来使用声音定位的巨大潜力，或可应用于环境探测与救援搜索等领域。
科技战略|欧盟执委会主席容克发布“2018年度欧盟国情咨文”|据欧盟委员会官网9月13日消息，欧盟执委会主席容克发布的“2018年度欧盟国情咨文”主要内容包括未来一年欧盟优先事项，以及将欧盟打造为更加团结、更加强大和更加民主的联盟的改革措施等。该国情咨文包含的具体提案包括：安全、移民和边境改革、非洲、对外投资、外交和安全政策、反洗钱等。容克认为，在全球变得更加不确定的背景下，欧盟需要变得更加独立自主（sovereign），以在国际事务中发挥作用。
信息|欧盟修改数字版权法，将向谷歌等科技巨头收取更高版权费|据华盛顿邮报9月12日消息，欧洲议会批准了修改数字版权法规的议案，允许新闻媒体在拥有版权材料的情况下，向科技平台收费。新版权法还规定，用户上传至YouTube、Facebook等网络平台的内容，如果涉嫌侵害作家、曲作者和音乐家的版权，网络平台需承担相应的责任。
信息|亚马逊等互联网公司支持美国政府制定现代化的数据隐私法|据路透社9月12日消息，包括亚马逊、Facebook、Netflix、微软和Alphabet等公司在内的美国互联网协会表示，支持美国政府制定现代化的消费者数据隐私法，但希望这部法规是全国性的，从而取代加州2020年即将生效的新隐私法规。
信息|欧洲议会呼吁在全球范围禁止“杀手机器人”|据路透社9月12日消息，欧洲议会通过一项决议，呼吁在全球范围禁止研发、生产和使用无需人为控制的“杀手机器人”，防止可能出现的人道主义危机。该决议还要求欧盟成员国形成共同立场，在联合国11月份举行的国际谈判中，促使国际社会全面禁止自主化武器。
生物|非洲布基纳法索政府批准科学家在野外释放转基因蚊子以对抗疟疾|据Science科学网9月11日消息，非洲布基纳法索政府已批准布基纳法索、马里和乌干达三国科学家在野外释放约1万只“雄性不育”突变的转基因蚊子，通过迅速减少蚊子数量来对抗疟疾。这将是非洲首次将转基因动物释放到野外，此前转基因蚊子曾在巴西和开曼群岛等地被释放。科学家们表示，此次将释放的转基因蚊子比天然蚊子弱小，可在几个月内灭绝，因此不会对昆虫种群产生持久影响。实施此项目旨在提高监管机构和当地人对该项研究的认识，并增加对基因工程技术的信任等。该项目受到盖茨基金会资助的“目标疟疾”研究联盟的支持，英国和意大利科学家也参与了此项目。
生物|2018年拉斯克奖授予在组蛋白研究、异丙酚麻醉药物开发、RNA生物学研究等领域做出突出贡献的4名科学家|据生物谷9月12日消息，美国2018年拉斯克奖授予4名科学家，其中美国Allis教授和Grunstein教授因揭示组蛋白化学修饰影响基因表达并推动表观遗传学发展而获基础医学研究奖；美国B. Glen教授因开发可快速安全复苏的麻醉药物异丙酚而获临床医学研究奖；美国Steitz教授因在RNA研究中的开拓性发现及对年轻女科学家的支持而获医学特殊成就奖。美国拉斯克奖是目前生理学和医学领域内除诺贝尔奖外又一世界级大奖，也有“诺贝尔风向标”之称。目前已有87位拉斯克奖得主获得诺贝尔奖，如我国诺贝尔奖获得者屠呦呦于2011年荣获拉斯克临床医学研究奖。
生物|美国猪肉行业协会召开会议讨论防止非洲猪瘟疫情进入美国的策略|据生物前沿聚焦9月12日消息，美国猪肉协会在中国爆发非洲猪瘟（ASF）后召开会议讨论防止非洲猪瘟疫情进入美国的策略，并警告称美国一旦暴发非洲猪瘟，仅第一年该行业损失或将达80亿美元，并将造成玉米和大豆等猪饲料分别40亿美元和15亿美元的损失等。该协会建议美国需提高疾病准备工作的整体水平，并重点防范ASF病毒通过猪饲料原料进入美国等。
生物|英印将开展两项生物科技合作研究，旨在帮助印度减少污染和提高粮食安全|据中科院生物科技战略情报网9月12日消息，英国生物技术和生物科学研究理事会宣布将联合英国多部门与印度共同开展两项生物技术合作研究计划。其中第一项计划将利用生物学、化学和工程学等解决方案来减少印度工业废物污染，包括将工业废物通过生物炼制方法转化为有用的产品等；第二项计划将开展增加印度豆类或油籽的可持续生产能力的研究，帮助印度加强粮食安全，满足不断增长的人口需求。两项计划已获得英国牛顿基金会1530万英磅资助，计划的实施将加强英印两国长期的生物技术合作关系。
能源|美加州州长签署清洁能源法案，将在2045年实现100%清洁供电|据中国能源网9月12日消息，美国加利福尼亚州州长Jerry Brown签署了清洁能源法案。该法案的生效，意味着加州朝着“2045年全面实现清洁能源供电”的目标正式启航。该清洁能源法案名为《加利福尼亚州可再生能源组合标准方案：温室气体减排》，是加州第100号参议院法案(SB100)。法案提出了“三步走”的规划：2026年可再生能源供电占全州供电的50%，2030年之前该比例提高到60%，到2045年年底，供加州终端消费者使用的零售电力和政府采购电力必须100%来自可再生能源和零碳能源。
能源|英国承诺提供1.06亿英镑支持零排放车辆研发|据今日华闻9月12日消息，英国首相特蕾莎·梅在伯明翰举行的首届零排放汽车峰会上，宣布提供1.06亿英镑支持零排放车辆研发，以帮助英国实现2050年零排放的目标。特蕾莎表示，该资金将致力于推动低排放车辆和氢技术的进步，帮助英国履行其对巴黎气候协议的义务。据悉，伯明翰峰会旨在为全球部署绿色汽车和引进零排放基础设施铺平道路，其首批签署国包括意大利、法国、丹麦、阿联酋、葡萄牙、白俄罗斯和印度尼西亚。
能源|日本将在福岛建设可再生能源制氢系统|据中国能源网9月12日消息，日本新能源产业技术综合开发机构（NEDO）、东芝能源系统、东北电力及岩谷产业合作，开始在福岛县浪江町建设利用可再生能源制氢的氢能源系统“福岛氢能源研究站（Fukushima Hydrogen Energy Research Field （FH2R））”。该FH2R系统将运行一个10000千瓦级的氢气生产设施，验证的最大技术课题将为“如何利用氢能源运行系统实现制氢储氢与电力系统的供需平衡”。据悉，FH2R将在最终测试验证后于2020年开始运行，生产的氢气将用于为燃料电池车辆提供动力并支持工厂运营。
能源|美国利用爆炸管模拟核武器可能面临的冲击波|据国防科技信息网9月12日消息，美国桑迪亚国家实验室的研究人员用爆炸管模拟极端爆炸和再入大气层环境，试验是在验证和鉴定实验科学联合体进行的。爆炸管试验是一项为期两年项目的一部分，旨在模拟当附近发生另一枚核武器爆炸，核武器重新进入地球大气层可能面临的情况。波前成像以每秒35000帧的速度捕捉到这一动作，并显示出肉眼看不到的冲击波动态。据悉，从爆炸的极端环境中获取数据只有一次机会。这次试验验证了系统结构动力学的计算机模型。
能源|印度“阿帕莎拉”升级版研究堆投入使用|据国防科技信息网9月12日消息，印度原子能部表示，亚洲首个研究堆“阿帕莎拉”的高容量因子升级版研究堆目前已投入使用。“阿帕莎拉”研究堆于1956年8月投入使用，2009年停止使用，服役时间超过50年。2018年9月10日，“阿帕莎拉”升级版研究堆在马哈拉施特拉邦巴巴原子研究中心诞生。该反应堆由印度自主研制，使用低浓铀制成的板状分散燃料元件，将使印度国产医用放射性同位素产量增加约50%，并广泛用于核物理、材料科学和辐射屏蔽方面的研究。
能源|美国印第安角核电站备用冷却系统发生泄漏|据国防科技信息网9月12日消息，美国联邦安全监管机构表示，印第安角核电站备用冷却系统发生泄漏事故。该核电站的3号机组已于9月7日关闭。美国核管会发言人表示，该核电厂操纵人员是注意到反应堆的安全注入系统中含有少量干硼后，发现可能发生了泄露事故。硼是硼酸干燥时形成的一种白色粉末，硼酸用于控制核反应堆中的反应性。根据所发现干硼的数量，此次泄漏事故被认为是小规模的，但可能会影响安全注入泵的可操作性。
海洋|美海军电磁炮身管寿命取得关键性技术突破|据高端装备产业研究中心网9月12日消息，美海军研究学会新闻网（USNI）近日披露了美海军电磁炮研究的最新进展。据悉，由海军研究办公室（ONR）主导研发的电磁炮取得关键性技术突破，其身管寿命达1000发，超过常规火炮的身管寿命。美海军电磁炮预计射程达450公里，射速超过10发/分，炮口动能达64兆焦（后因技术原因改为32兆焦）。美海军正全力解决包括炮管体积和重量、火力控制、炮管寿命以及耗电量等关键技术问题，以尽快完成上舰前的技术准备。
航空|美国物理学家发明新型中子束发生器技术，可用于导弹防御|据国防科技要闻9月13日消息，美国物理学家威廉·登特发明一种新型中子束发生器技术，可用于导弹防御。新型中子束发生器可沿特定的方向发射中子，实现远距离的中子探测。同时，发生器发射的中子束可穿透导弹的金属外壳，损伤其内部计算机芯片，导致电子设备失效，实现软杀伤。此外，该技术还可用于探测路边炸弹和识别核弹头。
航空|美空军授予洛马公司价值5107万美元的合同，启动“增程型防区外空地导弹”项目研制工作|据海鹰资讯9月13日消息，美空军授予洛马公司价值5107万美元的合同，启动“增程型防区外空地导弹”（JASSM-XR）项目研制工作。JASSM-XR导弹的射程将大幅提升，并将具备隐身突防和不依赖GPS导航的能力。JASSM-XR导弹项目预计于2023年8月31日完成研制，将进一步加强美国的远程穿透性打击能力。
航天|美国火箭实验室公司和英国维珍轨道公司官员称，小运载行业可能会在未来1-3年出现大调整|据航小宇9月13日消息，美国火箭实验室公司和英国维珍轨道公司官员称，眼下寻求发展小运载的厂家数量太多，所以很难持续下去，小运载行业可能会在未来1-3年出现大调整。他们认为，很多小运载创企低估了研制小运载所需的时间和资金，将会被市场淘汰。同时，他们认为自己具备足够的硬件和能力，将会在未来的竞争中成为幸存者。
新材料|西班牙、美国联合开发出室温中红外石墨烯探测器，可用于生物安全检测|据国防科技信息网9月13日消息，西班牙光子科学研究所和美国耶鲁大学在室温下利用石墨烯有效探测中红外光，并将中红外光转化成电信号。中红外探测器可用于监测有害化学物质或生物分子，在材料加工、化工、安全等领域应用广泛。研究人员成功制备出具有纳米结构的中红外石墨烯探测器，解决了传统器件工作温度低、效率不高等问题。新型器件可轻松集成到中红外相机，用于安全、生物测定和空气质量监测等领域。
新材料|美固态电池制造商Solid Power获A轮2000万美元融资|据北极星电力网9月13日消息，美国汽车和飞机固态电池制造商Solid Power日前获得2000万美元融资。根据声明，A轮融资投资者包括Sanoh Industrial、现代汽车公司、三星电子公司和Solvay SA风险投资部门。Solid Power预计将于今年完成建设，并将于2019年全面投入运营。该工厂将能够每年生产约10兆瓦时的电池容量。
科技战略|美国众议院通过《打击大规模杀伤性武器法案》|据govtrack.us和美国国土安全部（DHS）网站9月12日消息，美国众议院通过《打击大规模杀伤性武器法案》，旨在确保DHS拥有抵御大规模杀伤性武器所需的机构、权威和工具。DHS部长尼尔森表示，美国面临恐怖主义组织和流氓国家使用大规模杀伤性武器对美国人造成伤害的危险，《法案》将有助于DHS在防范生物、化学和核威胁上占据先机。
科技战略|新美国安全中心发布《量子霸权？中国的野心及其对美国创新领导地位构成的挑战》报告|据新美国安全中心（CNAS）网站9月12日消息，CNAS发布《量子霸权？中国的野心及其对美国创新领导地位构成的挑战》报告。报告认为，中国为了成为“第二次量子革命”的引领者，在量子领域制定了顶层战略，投入大量的资金和人力资源，已在量子加密、通信和计算、雷达、传感、成像、计量和导航等方面取得了进展，有可能对未来的军事和战略平衡产生重大的影响，甚至可能超越美国传统的军事优势。美国必须认识到中国量子技术方面的进步对军事和商业的影响，并采取措施发展本国的量子技术，以保持美国的创新领导地位。
信息|美国土安全委员会推动法案，促使国土安全部与白帽子合作寻找网络漏洞|据Nextgov网站9月13日消息，美国土安全委员会推动两项法案，促使国土安全部与白帽子合作寻找网络漏洞。这两项法案分别要求国土安全部制定漏洞披露政策和漏洞赏金计划，鼓励白帽子积极、合法地调查和反馈国土安全部可能存在的网络漏洞，并要求国土安全部快速响应和修复漏洞。
信息|DARPA与笛卡尔实验室合作进行地理空间云分析项目|据Executivebiz网站9月13日消息，DARPA与大数据分析平台笛卡尔实验室签署720万美元的合同，共建地理空间云分析平台，用于存储地理空间影像数据，并利用机器学习工具分析数据。DARPA将借助该平台帮助国防部地理空间分析师感知态势，检测、监控和跟踪对军事任务有帮助的地理空间情报。
信息|中芬科学家发现控制量子比特信息丢失的方法|据Eurekalert网站9月13日消息，中国科学技术大学和芬兰图尔库大学研究人员发现一种可以完全控制量子比特丢失信息的方法，对基础物理研究和量子技术的发展具有重要意义。量子的叠加和纠缠等特性使量子比特可用于存储信息，但量子比特携带的信息可能泄漏到环境中进而完全消失。研究人员在理论和实验上都展示了如何有效控制信息从量子比特流入环境。
生物|美国家科学基金会资助1600万美元用于开发新型染色质模型，以研究和控制表观遗传效应|据NSF官网9月12日消息，美国家科学基金会资助8个跨学科团队1600万美元用于开发新型染色质模型以研究、模拟和操纵表观遗传影响基因表达并最终影响生物体特征和功能的机制。研究人员将利用新染色质模型的高分辨率成像技术来增加对细胞内纳米级分子修饰改变基因活性和表达的理解，有望对表观遗传学提出新见解，并将促进医学治疗、生物基工艺和制造等领域的发展。该项资助属于“NSF十大创意”中“理解生命规则：预测表型”战略的一部分。
生物|美国立卫生研究院启动“加速基因疗法治疗镰状细胞病倡议”计划，每年将资助1亿美元开展相关研究|据NIH官网9月13日消息，美国立卫生研究院宣布启动“加速基因疗法治疗镰状细胞病倡议”计划，以推动研究和开发治愈镰状细胞病的基因疗法，并计划将新疗法在5到10年内安全应用到临床试验。镰状细胞病是一种遗传性血液病，全球共有约2000万患者，其中至少有10万名美国患者。该计划启动后，美国立卫生研究院将每年资助1亿美元开展相关研究，并与合作伙伴共同建立镰状细胞病基因治疗国家数据库，对治疗方法的临床表现和成本效益进行比较分析。此外还将建设国家网络平台，使医生和患者更容易学习和参与全国各地的研究、临床试验及其他活动等。
生物|美国和瑞典科学家开发出CRISPR-Ca9全基因组脱靶效应检测系统“VIVO系统”|据Nature自然科研网9月13日消息，美国麻省总医院和瑞典阿斯利康科学家针对CRISPR–Cas9技术的全基因组脱靶效应开发了高效检测系统“体内脱靶验证（VIVO）系统”，并在小鼠体内完成活体测试。测试结果显示，VIVO系统可高灵敏度检测CRISPR–Cas9在生物体造成的数十种脱靶突变（包括发生率仅为0.13%的突变），且gRNA特异性越高，脱靶效应越低。该系统为定义基因组编辑在实际应用中的脱靶效应设立了重要标准，并证实正确设计gRNA的重要性，研究成果有望促进基因组编辑从研究到临床的转化。相关研究发表于《自然》期刊。
能源|美国页岩气吸引化工业投资突破2000亿美元|据中国石化新闻网9月13日消息，美国化学委员会（ACC）表示，自2010年以来美国已经宣布建设333个与页岩气相关的化工项目，合计总投资2024亿美元。在上述项目中，53%已经完成或正在实施中，41%仍在计划阶段。ACC指出，美国裂解装置主要以天然气基的乙烷和其它天然气液体（NGLs）为原料，因此其化工业的竞争力与其充裕的NGLs供应密切相关。相关分析人士表示，美国2024亿美元的化工业投资可能产生每年2920亿美元新的化工业产值。
能源|美国橡树岭国家实验室与英国国家核实验室签署谅解备忘录|据eurekalert网9月13日消息，美国橡树岭国家实验室（ORNL)与英国国家核实验室(NNL)签署谅解备忘录。根据该谅解备忘录，NNL和ORNL将通过分享想法、员工交流以及联合研讨会，在核相关项目上进行合作。据悉，NNL由英国政府拥有和运营，支持整个核燃料循环的研究，并以其卓越的核燃料中心和内部高性能计算能力而闻名。ORNL的核能力涵盖国际公认的SCALE代码系统、来自轻水反应堆高级仿真联盟的反应堆应用虚拟环境分析工具以及核应用的各种研发设施。NNL和ORNL的合作将进一步促进两国开展核能相关的研究和合作。
能源|美国或将增加核武器预算|据国防科技信息网9月13日消息，美国参众两院协商委员会公布了折衷的拨款计划。该计划要求为能源部拨款446亿美元，其中111亿美元用于美国国家核军工管理局的武器工作。该预算比前一年增加4.58亿美元，将用于核武器延寿计划（19.2亿美元）以及按照美国政府《核态势评估》报告的要求，支持核军工管理局维持和升级美国核弹头及配套基础设施的工作。
能源|美国能源信息署预计美国今年将成为全球最大产油国|据中国石化新闻网9月14日消息，美国能源信息署(EIA)公布的最新统计数据显示，美国的石油产量很有可能在今年超过俄罗斯和沙特阿拉伯，成为全球最大的石油生产国。根据EIA的9月短期能源展望报告初步估计，2月份，美国石油产量20多年来首次超过了沙特阿拉伯。6月和8月，美国石油产量自1999年以来首次超过了俄罗斯。EIA预计，美国今年剩余时间和2019年的石油产量将继续超过俄罗斯和沙特。EIA表示，沙特原油产量是EIA的内部估算，而俄罗斯的数据主要来自俄罗斯石油部。
海洋|俄海军将于2019年接收新型电动鱼雷|据国防科技信息网9月14日消息，俄罗斯战术导弹集团第一副主任称，俄海军将从2019年开始接收新型UET-1通用电动鱼雷，但未提及具体接收数量。据称，该鱼雷将替代USET-80型电动自导鱼雷，其有更远的射程，更高的速度和更好的水下目标探测能力，此外，该型鱼雷还可探测水面舰船的尾流并平滑地调整速度。
海洋|韩国海军首艘“张保皋3”型潜艇下水，可发射巡航导弹|据新浪军事9月14日消息，韩国海军首艘“张保皋3”型（KSS-III）潜艇今日在大宇造船巨济岛船厂正式下水。该潜艇全长83.5米，艇体直径7.7米，水下排水量3358吨，可载50名艇员在水下以20节的航速航行。“张保皋3”潜艇安装有韩国斗山重工研发的6具垂直发射装置，可水下发射巡航导弹。据悉，该型艇原为德国214型潜艇的改进型，现韩国国产化率已达到60%以上。
航空|英国罗罗公司公布名为“电动垂直起降飞行器”的未来飞行器概念|据无人机9月13日消息，英国罗罗公司公布名为“电动垂直起降（EVTOL）飞行器”的未来飞行器概念。EVTOL概念飞行器通过燃气涡轮技术发电，可为6台低噪电动推进器提供动力。该飞行器还配备储能电池，可承载4-5人，以每小时250英里（约402千米/小时）的速度飞行约500英里（约804千米）。
新材料|曼彻斯特大学校资成立石墨烯业务公司，致力于开发石墨烯改性橡胶弹性体|据材料科技在线9月14日消息，曼彻斯特大学校资成立石墨烯业务公司Grafine，致力于开发创新的高性能橡胶、弹性体和其他石墨烯增强的软质材料。该公司由两位曼彻斯特大学学者创立，是曼彻斯特大学的全资子公司。Grafine将借助学校的顶级设施进行产品开发工作，为世界各地的制造商提供石墨烯增强弹性体、橡胶复合材料和涂料的技术及专业知识。
新材料|美国氢燃料电池企业普拉格宣布自产金属堆膜电极关键组件|据OFweek网站9月14日消息，美国氢燃料电池企业普拉格日前宣布，将为其新型ProGen金属板堆生产膜电极关键组件。通过收购美国燃料电池公司（AFC），普拉格获得了制作膜电极的专业知识，从而能够生产更具竞争力的电堆。作为ProGen金属板堆的核心部件，普拉格为其膜电极技术开发了油墨、催化剂和材料配方，从而提高了电池效率和耐久性。据悉，ProGen金属板堆将被集成到ProGen氢发动机中，应用于运输车、公共汽车和卡车等领域。
先进制造|法国计划五年内完成无人驾驶铁路列车全面部署|据环球网9月13日消息，法国国铁(SNCF)与日本日立制作所旗下铁路子公司AnsaldoSTS共同宣布，将在五年内完成法国无人驾驶铁路列车全面部署，2023年以后将运行几乎无需司机干预的自动驾驶铁路列车。法国铁路车辆制造商阿尔斯通、军工与电子设备企业泰勒斯以及德国汽车零部件企业博世等参与了该计划。该计划总预算为5700万欧元，将由法国国铁与法国政府各承担30%，其他参与企业承担40%。
先进制造|大众汽车将使用金属3D打印技术批量生产汽车零部件|据3D虎9月13日消息，大众汽车宣布将使用3D打印技术进行汽车零部件批量生产。大众汽车将与惠普和零部件制造商GKN粉末冶金公司共同合作推动3D打印技术实现大规模应用，目前大众工厂中已有90台3D打印机，通过使用惠普公司的3D打印技术，大众能大幅缩短零件制造所需时间，将生产率提高50倍。据估计，大众首批批量生产的车辆结构部件可在两到三年内实现。
科技战略|麦肯锡发布《前沿笔记：用模型分析人工智能对世界经济的影响》报告|据麦肯锡咨询公司9月10日消息，麦肯锡发布《前沿笔记：用模型分析人工智能对世界经济的影响》报告。报告模拟了人工智能的经济收益和损失在不同公司、员工和国家/地区之间的分配方式，分析了不同公司和不同领域采用和吸收人工智能技术的方式，并探索了人工智能在发达经济体和发展中经济体中的扩散方式。报告认为，到2030年，人工智能有可能为全球额外贡献13万亿美元的GDP增长，平均每年推动GDP增长约1.2%，其影响力与蒸汽机、工业机器人和信息技术相当。
科技战略|德国政府新设跨越式创新促进署|据中国驻德大使馆官网9月14日消息，德国政府近日决定新设一个“跨越式创新促进署”，主要负责定义跨越式创新技术及相关项目资助管理，以推动对市场具有革命性影响且具有重大社会效益的“开拓性点子”的应用。2022年前，德国政府将投资1.51亿欧元，举办10项创新竞赛，启动10个“尖端项目”；2029年前，计划总投入约10亿欧元。
信息|英伟达推出专为人工智能推理设计的新款 GPU芯片|据DeepTech深科技9月15日消息，英伟达推出专为人工智能推理设计的新款 GPU芯片Tesla T4。Tesla T4采用图灵架构，浮点运算峰值速度可达65万亿次运算/秒，功率仅为75瓦，整体性能较上一代芯片提升3.6倍。该芯片也可执行机器学习任务，主要用于大型数据中心。谷歌云将成为首家提供 T4 GPU 的云计算服务提供商。
信息|意大利和瑞士科学家研发出可处理量子信息的拓扑光子芯片|据Eurekalert网站9月14日消息，意大利米兰理工大学和瑞士苏黎世联邦理工学院科学家合作，研发出可处理量子信息的拓扑光子芯片。拓扑光子具有高相干性、易操作性的特点，无需强磁场，在室温下即可进行操作。研究人员首次证明可在拓扑光子芯片上进行量子信息的编码、处理和传输，为制造量子计算机提供了新的选择。
信息|世界经济论坛发布报告称，人工智能和机器人技术将使未来的工作岗位增多|据Cnbc网站9月17日消息，世界经济论坛在“未来的工作”报告中指出，人工智能和机器人技术的应用将带来5800万个新增就业岗位。该报告预测，到2022年，人工智能和机器人技术的应用将会取代7500万个工作岗位，但同时技术进步引发的人机分工角色改变，将带来1.33亿个新的工作岗位。
信息|美国理海大学开展利用活体细胞培育神经网络的研究|据新智元9月17日消息，美国理海大学开展一项新研究，希望利用活体细胞在培养皿中培育出神经网络，并对其进行编程，以实现基本的计算和学习。研究人员将建立一个实验测试平台，对神经元网络进行光学刺激并检测其活动，开发算法训练神经元网络。该项目获得美国国家科学基金会的支持。
生物|澳大利亚医院发现3种超级细菌，可抵御几乎所有抗生素|据生物前沿聚焦9月14日消息， 澳大利亚研究人员在医院发现3种超级细菌，可抵御几乎所有抗生素及体内免疫系统。3种超级细菌均属表皮葡萄球菌，可附着在人体皮肤并通过医疗器械等直接进入体内，引起人体严重感染甚至死亡。研究人员表示，抗生素耐药菌株的传播亟需引起世界各国重视，迫切需要国际监测系统来了解这些菌株的普遍性和影响，并系统地测量此类病原体引起的抗生素耐药性和感染等。相关研究发表于《自然·微生物学》期刊。
生物|美国防部高级研究计划局启动新型非手术神经技术“N3项目”，将资助脑机间信号传输研究|据DeepTech深科技9月15日消息，美国防部高级研究计划局（DARPA）启动新型非手术神经技术“N3 项目”，将资助脑机间信号传输研究，旨在帮助人脑与外部机器间进行信号传输而无需向人脑内放置植入物。为达到信号传输的分辨率要求，该项目将从两个方向突破：一是研发无创技术，通过体外设备的电极与大脑内预置电极进行匹配，实现机器与神经元直接联系，从而在神经元放电时记录电信号，并能刺激神经元放电等；二是研发微创技术，将“纳米换能器”安置在神经元内部，当神经元放电时，该仪器可将电信号转换成其他可透过颅骨并被外界接收的信号。N3 项目为期 4 年，目标是将该技术成功运用到国防领域，例如通过脑信号驾驶无人机或在模拟器中控制战斗机等。
生物|美国吉利德公司向ARCUS基因编辑技术平台投入4.45亿美元，用于研发治疗乙肝的基因疗法|据药明康德网9月15日消息，美国吉利德公司向精密生物科学公司的ARCUS基因编辑技术平台投入4.45亿美元，用于共同研发在体内清除乙肝病毒（HBV）的基因疗法。ARCUS技术是基于人工合成的ARC核酸酶，通过准确识别12－40个碱基对造成特定位点DNA断裂进行基因编辑，而不产生随机脱靶效应。目前HBV的治疗方法可抑制病毒复制，但无法完全清除病毒，停药后人体内的共价闭合环状DNA（cccDNA）能让HBV重新复制。吉利德公司在早期体外实验中已证明 ARC核酸酶对cccDNA和整合到人体肝细胞中的HBV DNA均产生显著活性。该项战略合作有助于促进治疗乙肝的基因疗法研发和临床实验。
能源|德国大众集团宣布向QuantumScape投资1亿美元，以研发固态电池技术|据中国电动汽车网9月14日消息，德国大众集团宣布向电池技术公司QuantumScape投资1亿美元，以研发固态电池技术。通过该项投资，两家公司将成立合资公司，并计划到2025年前将固态电池技术推向市场。大众负责人表示，到2030年，大众旗下保时捷、布加迪、西亚特、斯柯达和奥迪等汽车品牌现有的300款车型都计划提供电动版。固态电池将可让上述车型配备更小、更轻并且更实惠的电池。据悉，QuantumScape是斯坦福大学的衍生公司，拥有200多项固态电池技术的相关专利。目前，大众已经在德国测试了以汽车功率运行的QuantumScape早期固态电池样品。
能源|美国国会批准拨款6500万美元以研发新型低当量核弹头|据国防科技信息网9月15日消息，美国国会通过一项年度支出法案，批准拨款6500万美元以研发具有争议的新型低当量核弹头W76-2核弹头。美国支持研究低当量核武器的人士认为，潜艇发射的更低当量的核弹头将阻止俄罗斯使用战术核武器。因此，美国防部计划通过该较低当量核武器对抗俄罗斯。据悉，美国众议院以377比20票通过该支出法案，并将送交特朗普总统签字。
能源|特斯拉计划建造全球最大屋顶太阳能系统|据cnBeta9月16日消息，特斯拉计划在美国内华达州建造世界上最大的屋顶太阳能系统。根据发布的图片，该屋顶太阳能系统将使用大约20万个大型商用太阳能模块，每个模块大约可发电350瓦。特斯拉表示将通过该70MW的太阳能屋顶阵列和太阳能地面装置组合，为“1号超级工厂”实现100%的可持续能源供应。据悉，特斯拉“1号超级工厂”将建造在美国内华达州的沙漠中，目标是生产比2013年整个行业更多的电池。
海洋|韩国和俄罗斯推进造船航运领域深度合作|据国际船舶网9月15日消息，韩俄商务对话近日在俄罗斯符拉迪沃斯托克举行，本次对话主题是“九桥战略规划，建立韩俄合作平台”。韩国总理李洛渊出席本次会议并指出，为加强韩俄面向未来的关系，需加大韩国企业对远东地区投资力度，在造船、汽车制造、未来产业及韩朝俄三方合作等四大领域积极开展合作。据悉，“九桥战略规划”是文在寅在去年第3届东方经济论坛上提出的韩俄合作规划，旨在加强韩俄在造船、港湾、北极航道、天然气、铁路、电力、就业、农业、水产九大领域的合作，以实现互利双赢。
海洋|韩国船企今年前8月接单量超中日之和|据国际海事信息网9月17日消息，国际造船业权威咨询机构—英国克拉克森研究公司发布的统计数据表明，今年前8个月韩国船企累计接单量157亿美元（172艘），居全球首位，并超过中国106亿美元（268艘）和日本27.9亿美元（85艘）之和。中国接单船数虽多，但主要以散装货船为主，像LNG这样的高附加值船舶比较少，订单金额在韩国之下。此外，截止8月底，韩国船企手持订单量为425艘，同比增加38艘，而中国和日本船企的手持订单均同比减少。
海洋|日本驱逐舰“爱宕”号成功测试了最新“宙斯盾”作战系统|据国防科技信息网9月17日消息，日本海上自卫队与美国导弹防御局在美军太平洋导弹靶场开展了“日本飞行测试任务-05”测试项目，成功展示了“爱宕”号拦截一枚可分离靶标的能力。该靶标由靶场发射，“爱宕”舰员随即发现并跟踪目标，“宙斯盾”武器系统迅速给出火控拦截方案，并发射“标准”-3 block IB威胁升级导弹，成功在太平洋上空拦截了靶标。该测试被认为是日美在弹道导弹防御领域长期军事合作的一个重要里程碑，并验证了日本驱逐舰升级版“宙斯盾”作战系统的弹道导弹防御能力。
海洋|俄罗斯企业将联合开发LNG动力破冰船|据国际船舶网9月17日消息，俄罗斯天然气生产商Novatek和俄罗斯核能源公司Rosatom签署协议，将合作开发LNG动力破冰船。Novatek管理委员会主席Leonid Mikhelson表示，这些LNG动力破冰船将为亚马尔液化天然气项目的LNG运输船提供破冰服务，此外，该协议还包括建设港口破冰船队，并促进其进一步发展。Novatek希望通过此次合作使北海航线的货物运输量有所增长，从而促进公司乃至整个国家的经济增长。
航空|美国波音公司完成5架无人机自主协同飞行测试|据翔智科技信息网9月17日消息，美国波音公司澳大利亚团队成功完成5架无人机的协同飞行试验。这5架无人机搭载了波音公司开发的新型自主指挥和控制机载系统。该系统可自动感知环境、处理信息，并与其它无人机协同行动。未来，该团队计划利用更高性能的飞行器开展自主协同飞行测试。
航空|美陆军进行一体化防空反导作战指挥系统演示试验|据翔智科技信息网9月17日消息，美国陆军成功完成一体化防空反导（IAMD）作战指挥系统（IBCS）的演示试验。此次试验展示了一体化防空反导作战指挥系统的扩展能力及远距离网络化能力。IBCS可整合广泛分布的传感器和发射器并可提供单一综合空情图，这将为美军防空或联合部队提供巨大的作战优势。
航天|法国国家空间研究中心将为“宇宙资本”风投基金投资0.8-1亿欧元，支持航天类创企的发展|据航小宇9月17日消息，法国国家空间研究中心（CNES）将为“宇宙资本”风投基金投资0.8-1亿欧元，支持航天类创企的发展。CNES除提供经费支持外，还在从欧洲各航天公司、银行和其它机构为“宇宙资本”基金募集投资。未来，该基金每年将为4-5家航天类创企提供资金支持。
新材料|以色列理工学院开发出量子超材料，可应用于量子信息和计算|据材料科技在线9月17日消息，以色列理工学院研究团队开发出量子超材料，可应用于量子信息和计算领域。该超材料是一类人工合成材料，由众多纳米结构组成，能够对光产生不同方式的响应。研究结果表明，采用新型超材料可以产生并操纵量子纠缠，这是量子信息方案最关键的特征。相关研究成果发表于《Science》期刊。
新材料|美国国家航空研究所在增材制造和自动复合材料技术方面取得长足进步|据材料科技在线9月17日消息，美国国家航空研究所（NIAR）将加入美国材料与试验协会（ASTM）增材制造卓越中心，以推动增材制造标准的发展，从而推动尖端增材制造技术的商业化。此外，NIAR高级结构自动化技术实验室（ATLAS）生产出第一台自动化复合板，大大提高了生产率并减少了角料数量。ATLAS将利用行业标准的自动化机器人系统和先进的在线检测系统，扩展其制造大型复合材料结构的能力，如机翼翼梁、机翼蒙皮和机身部分。
先进制造|碧桂园进军机器人产业，机器人谷项目正式落地|据搜狐网9月17日消息，房地产商碧桂园进军机器人产业，旗下全资子公司——广东博智林机器人公司已与广东佛山市顺德区正式签约，共同打造集科研、实验、生产、文化、生活和教育于一体的机器人谷。碧桂园计划5年内在机器人领域投入至少800亿元，至2023年底，博智林机器人将在机器人谷引入万名全球顶级的机器人专家及研究人员，吸引各类机器人、人工智能、新材料、微电子与生命工学等多维领域的创新企业进驻园区，完成机器人研发、生产制造与公共服务平台的无缝对接，打造机器人全产业链高地。
先进制造|荷兰研究人员研发出类果蝇的扑翼机器人|据OFweek网9月17日消息，荷兰代尔夫特理工大学研发出仿果蝇的扑翼机器人“DelFly Nimble”。该机器人重29克，翼展33厘米，翅膀每秒振动17次，时速为25公里，续航里程可达1公里以上。该机器人通过扇动翅膀来提供动力并控制方向，可悬停或迅速飞向任意方向，甚至还能翻筋斗、做桶滚飞行，或将为开发新型无人机开辟空间。该研究已发表于《Science》杂志。
科技战略|兰德公司发布《国际流动与科学》调查报告|据兰德公司官网9月17日消息，兰德公司发布了有109个国家2465名研究人员参与的《国际流动与科学》调查报告。报告显示，有3/4的受访者有过海外职业经历，资深研究人员国际交流活动更频繁。几乎所有的受访者都认为国际交流有助于形成合作，以及思想、技能和专业知识的发展，资金、家庭责任、缺乏海外工作信息以及签证等是阻碍研究人员进行国际交流的主要因素，非洲和亚洲的研究人员比美欧研究人员在国际交流中遇到更多的障碍。
信息|德国20家大型企业CEO呼吁加快本国5G建设|据Handelsblatt网站9月17日消息，宝马、大众、德意志银行、德国联邦铁路等20多家德国大型企业的CEO呼吁政府和电信公司，加快本国5G建设，推动5G网络的发展。众多CEO表示，相比中美等国，德国在5G建设上已经明显落后，若不加快5G基础设施建设，有可能危及德国的国际竞争力。
信息|美国土安全部拨款1160万美元研究应对大规模网络中断|据Nextgov网站9月17日消息，美国国土安全部科学和技术理事会向加利福尼亚大学、圣地亚哥应用互联网数据分析中心等组织提供了1160万美元拨款，支持其应对大规模互联网中断的相关研究。国土安全部认为大规模互联网中断将对医院、电力公司等关键基础设施造成重大影响，希望研究出能预测、监控和防止大规模互联网中断的措施。
生物|美国卫生与人类服务部发布《数据共享宣言》，以促进数据驱动型组织建设|据HHS官网9月17日消息， 美国卫生与人类服务部（HHS）发布《数据共享宣言》，旨在促进该部门下属的食品药品监督管理局（FDA）、国立卫生研究院（NIH）和疾控中心（CDC）等11个机构将具有高价值且受限制或非公开的数据实现共享，以降低成本和提高效率，促进数据驱动型组织建设。该宣言提出，建立统一有效的数据治理组织结构和平台可实现数据资产化，鼓励数据共享并促进基于数据的政策制定等。此外该宣言还提出目前HHS实现数据共享面临法律、技术和文化等方面的挑战，以及缺乏一致、透明和标准化的机构间数据共享协议等。
生物|美国科学家发现大脑中存在消除自身运动噪声的脑回路|据生物谷9月17日消息，美国杜克大学科学家发现小鼠大脑中存在从大脑运动皮层到听觉皮层直接连接的内置噪声消除回路，可使大脑学会对可预测的自发运动声音进行消除并避免做出反应。在小鼠实验中，大脑的听觉皮层直接从运动皮层接收信号，该信号命令抑制神经元选择性地抵消自身运动所发出的声音，从而使小鼠更敏锐地对环境声音做出反应。小鼠大脑自动噪声消除机制与小鼠生存时间和经验存在函数关系。相关研究发表于《自然》期刊。
能源|德国燃料电池列车全球首次商业运行|据中国储能网9月17日消息，德国于9月16日启动氢氧燃料电池铁路的全球首次商业运行。据悉，该燃料电池列车由法国铁路车辆企业阿尔斯通在德国萨尔茨吉特的工厂制造，最高时速140公里，行驶距离1000公里，与柴油列车相同。相关负责人表示，选择德国作为燃料电池列车的商业化基地，一方面源于德国政府的大力支持，另一方面则是因为德国可再生能源发电占比较高，更容易制造出二氧化碳为零的清洁氢。
能源|卡塔尔石油与印度公司签署三年期石脑油销售协议|据中国石化新闻网9月17日消息，卡塔尔石油公司（QP）与印度Haldia石化公司(HPL)签署三年期石脑油销售协议。协议规定卡塔尔石油自2018年起向Haldia石化提供总计600000吨轻质石脑油。据悉，Haldia石化是印度最大的石油化工公司，拥有具有竞争力且现代化的以石油脑为基础的石油化工综合体，总产能相当于每年700000吨乙烯。该长期供应协议是卡塔尔石油公司石油产品销售公司（QPSPP）首次向位于印度的终端用户销售石脑油原材料。卡塔尔石油集团也将通过与Haldia石化的合作继续加强与印度的能源关系。
能源|《联邦纪要》称美国有20吨高浓铀可用于生产核武器|据国防科技信息网9月17日消息，美国《联邦纪要》公布的一份公告称，美国大约有20吨高浓铀可以“稀释”成低浓铀，并将在田纳西峡谷管理局用作生产核武器用氚的燃料。美国国家核军工管理局表示，用于“稀释”的高浓铀将由橡树岭Y-12国家安全联合体加工、包装和运输。据悉，Y-12国家安全联合体是某些类别高浓铀的主要贮存设施。
海洋|日本首次派遣潜艇在南海开展秘密演习|据环球网9月18日消息，日本《朝日新闻》报道，日本防卫省近期秘密向南海派遣海上自卫队“黑潮”号潜艇，并与在南海地区活动的准航母“加贺”号、驱逐舰“闪电”号和“凉月”号汇合，于本月13日在西沙群岛、南沙群岛和黄岩岛等腰三角形之间的海域进行了联合反潜演习。这是日本首次派遣潜艇在南海演习。对此，中国外交部发言人耿爽17日在例行记者会上敦促有关域外国家务必慎重行事，不要做损害地区和平稳定的事。
海洋|美海军计划开发新重型鱼雷，可更好地摧毁水面舰艇和潜艇|据国防科技信息网9月18日消息，美海军计划开发一种航程更远、杀伤力更强的新重型鱼雷，可以更好地摧毁水面舰艇和潜艇。现相关部门已向工业界招标，寻求有关新鱼雷控制系统、制导、声呐和导航技术的建议和信息。此外，美海军在寻求新鱼雷技术的同时也努力升级现有Mk 48重型鱼雷。该鱼雷被各类潜艇用作反潜战和反水面战武器，包括“弗吉尼亚”级和未来的“哥伦比亚”级潜艇。
航空|美空军公布未来兵力结构框架，扩编增幅达24%|据空天大视野9月18日消息，美空军部长希瑟·威尔逊在2018年度空军协会空天网络论坛上正式公开空军未来兵力结构框架。美空军将从现有的312个中队大幅扩编至386个中队，增幅达24%。美空军计划在2030年前后落实该兵力结构框架，以强化全球打击、特种作战、空中优势及态势感知等能力。
航天|美空军部长提交天军组建方案，天军将由1.3万人组成，初期预算约33亿美元|据航小宇9月18日消息，美空军部长威尔逊提交了一项方案，详细描述了未来天军的职能和结构。按威尔逊的估计，天军将有1.3万人组成，其中绝大多数人员将会是卫星操作人员、威胁分析人员和前沿部队成员。威尔逊估计天军第一年预算应在33亿美元左右，5年预算约为130亿美元。
航天|日本富豪前沢友作包揽“大猎鹰火箭”全部船票，将在2023年完成月球旅行|据航小宇9月18日消息，美国SpaceX公司9月17日公布日本富豪前沢友作包揽“大猎鹰火箭”（BFR）全部船票，将在2023年完成月球旅行。前沢友作是日本网络时尚零售企业家和当代艺术收藏家，他将邀请6-8名艺术家、建筑师、设计师和其他有创意的人一同参加这次旅行。马斯克曾表示，BFR是一个跨星球的运输系统，其目标是能够将人类从地球送到太阳系的任何星球。
航天|NASA发射ICESat-2卫星探测极地冰层，其观测精度在5毫米以内|据太空网9月17日消息，NASA在加州范登堡空军基地成功发射卫星ICESat-2。该卫星是当前分辨率最高的监测卫星，将用于精确测量格陵兰岛和南极洲冰层厚度的变化。该卫星搭载了高级地形激光测高仪系统。该仪器的观测精度在5毫米以内，将能获得地球冰层地形的细粒度视图。
科技战略|朝韩发表《平壤共同宣言》约定共建无核和平家园|据央视网9月19日消息，文在寅和金正恩在平壤举行会谈后签署《平壤共同宣言》，就在半岛共建无核武器、无核威胁的和平家园达成共识。在缓解军事紧张方面，朝韩将终止军事敌对关系，解除战争威胁，从根本上消除敌对关系。有关无核化议题，朝韩双方将紧密协作，共同致力于推动朝鲜半岛完全无核化。在改善朝韩关系方面，朝韩将尽快成立离散家属常设会面所，在具备条件的情况下恢复开城工业园区和金刚山旅游景区的运营等。
信息|美国防部发布网络战略概要|据美国防部官网9月18日消息，美国国防部发布2018年网络战略概要，旨在加强网络空间能力建设，应对国际竞争和外部威胁，保护网络和基础设施安全，保持美国军事优势。这是继2011年和2015年后，国防部第三次发布网络战略。新战略明确指出中国和俄罗斯对美国的战略性威胁不断加大，美国将加强攻击性网络能力建设，在维护国家网络安全上更加主动。
信息|麻省理工开发出可根据语音识别图像的机器学习系统|据Eurekalert网站9月18日消息，麻省理工学院的科学家开发出一个机器学习系统，可根据相关语音描述识别、定位和检索图像中的目标。与当前语音识别技术不同，该系统不需要人工转录语音或对语音注释供其训练，而是直接从对原图像的录音片段中学习词汇，然后建立语音和图像之间的联系。这项研究成果有望为语音和图像识别技术打开新的大门。
信息|英国议会财政委员会发布报告，建议对比特币等数字货币进行监管|据Theguardian网站9月19日消息，英国议会财政委员会发布报告称，比特币和其他数字加密货币发展混乱，使投资者面临一连串的风险，建议尽快对其实施监管。报告指出，数字货币除价格波动幅度大外，还被不法组织用于洗钱，数字货币交易所也经常受到黑客攻击，应尽快对数字货币进行监管，规范数字货币市场，引导其良性发展。
信息|新加坡将设立东盟-新加坡网络安全卓越中心|据E安全9月19日消息，新加坡将设立东盟-新加坡网络安全卓越中心，以加强东盟成员国的网络战略制定、立法和研究能力。该中心将扩大现有的东盟网络能力建设计划，培训东盟地区的国家计算机应急响应小组，并促进各小组间的信息开源共享。
生物|美国联邦政府发布《国家生物防御战略》|据美国白宫官网9月18日消息，美国联邦政府发布《国家生物防御战略》。该战略是美国首个全面解决各种生物威胁的系统性战略，由美国国防部、卫生与人类服务部、国土安全部和农业部共同起草并将在未来共同负责相关计划实施。该战略提出5个目标：增强生物防御风险意识、提高生物防御单位防风险能力、做好生物防御准备工作、建立迅速响应机制和促进生物事件后恢复工作等。此外，该战略还提出将组建由美国卫生与人类服务部部长领导、其他三部部长参与的内阁级生物防御指导委员会，并建立协调政府各部门生物防御活动和预算资源的新机制等。
能源|欧盟委员会对德国汽车制造商在清洁排放技术方面可能存在的垄断行为展开正式调查|据欧盟委员会官网9月18日消息，欧盟委员会对德国汽车制造商宝马、戴姆勒和大众集团在清洁排放技术方面可能存在的垄断行为展开正式调查。据悉，从上世纪90年代开始，德国主要汽车制造商大众集团及其子公司奥迪、保时捷，以及宝马、戴姆勒等5家车企相互勾结组成非法的垄断联盟，涉嫌在核心技术、控制供应商和价格上进行垄断。欧盟竞争委员会表示，此次调查的重点在于德国汽车制造商是否在开发和推出减少汽油和柴油汽车有害排放的系统方面存在互不竞争关系。
能源|韩国在提升锂金属电池的电化学性能方面取得重大突破|据ScienceDaily网站9月18日消息，韩国蔚山国家科学技术研究所（UNIST）Hyun-Wook Lee教授领导的研究团队在提升锂金属电池的电化学性能方面取得重大突破。锂金属作为用于电动车辆和大规模能量存储系统的潜在下一代阳极材料，具有最低的驱动电压并且具有比传统石墨阳极大10倍的容量。但在电池的连续充放电过程中，锂金属趋于生长为树枝状结构。该结构很可能刺穿电池隔板并触发内部短路，这也使得锂金属电池一直难以商业化。在该研究中，研究团队通过用硅化锂（LixSi）层涂覆锂箔来抑制锂金属阳极的树枝状生长。实验结果表明，在速率能力和循环稳定性方面，该方法均体现出优异的电化学性能。相关研究成果已发表在《Advanced Materials》期刊上。
海洋|俄罗斯计划建造用于北极冰下开发的潜艇机器人|据俄罗斯卫星通讯社9月18日消息，俄罗斯前景研究基金会项目组负责人维克托·利特维年科表示，该基金会将向俄罗斯原子能机构递交制造潜艇机器人“冰山”的相关文件。“冰山”项目旨在打造独一无二的机器人系统，可在北极全年冰封区进行油气全自动水下和冰下开采。该负责人表示，下一步将与俄罗斯石油公司、俄罗斯天然气工业股份公司、俄罗斯原子能公司和其他大型公司落实文件内容，设计、开发并建造该潜艇机器人。
海洋|印度欲斥资22亿美元购买俄罗斯四艘护卫舰|据新浪军事9月19日消息，印俄将签署一份价值22亿美元的俄制护卫舰采购协议，该协议预期将由印度总理莫迪和俄罗斯总统普京在10月5日新德里的一场会晤期间签署。签署前的通关程序已进入最后阶段，印度可以通过卢比卢布路线进行支付。根据协议，印度将获得先进的“塔尔瓦尔”级护卫舰制造技术，其中两艘护卫舰将在印度果阿造船厂建造，剩余两艘将购自俄罗斯。印度目前已有六艘“塔尔瓦尔”级护卫舰，但新订购的四艘是更先进的版本，这些战舰将配备布拉莫斯导弹系统，可提升印度海军的作战能力。
航空|兰德公司发布《美国空军飞行部队足够强大吗？》报告，指出美空军当前的能力难以应对未来挑战|据国防科技要闻9月19日消息，兰德公司发布题为《美国空军飞行部队足够强大吗？》的报告。该份报告指出美空军当前存在能力短板，难以应对未来不同安全形势下的潜在需求和挑战。报告描述了空军未来可能面临的4种想定场景，并指出在这4种场景中，空军都无法满足相关需求。
航空|空客公司“佩兰II”滑翔机飞行高度达23千米，创造新的飞行高度纪录|据民机战略观察9月19日消息，空客公司“佩兰II”滑翔机飞行高度达76000英尺（约23千米），创造新的飞行高度纪录。“佩兰II”是一架平流层研究机，设计飞行高度可达90000英尺（约27.4千米）。研究人员希望利用该滑翔机在高空获取关于气候变化和飞机在低密度大气层飞行的相关数据。
航天|日本宇宙航空研究开发机构和全日空航空公司开展“阿凡达 X”计划，可远程操控类人机器人完成外空探索|据星际智汇9月18日消息，日本宇宙航空研究开发机构和全日空航空公司推出“阿凡达 X”计划。该计划旨在开发一款名为MELTANT的类人机器人。人类可在地球上远程控制该机器人，使其在月球和火星等星球上完成建造和探索活动。该计划将使人类能够以更安全、更便捷的方式深入接触太空，加快探索太空的步伐。
航天|美国洛马公司获得美空军价值72亿美元的下一代GPS卫星合同，将为其制造22颗加强版GPS卫星|据网易军事9月18日消息，美国洛马公司获得美空军价值72亿美元的下一代GPS卫星合同，将为其制造22颗加强版GPS卫星。新卫星将具备更高的精度和抗干扰能力。第1颗加强版GPS III卫星将于2026年发射。美军研发和部署第三代加强版GPS卫星被视为应对中俄威胁的一项重要举措。
新材料|德克萨斯大学对2D人工水凝胶进行编程，可实现复杂三维运动|据材料科技在线9月19日消息，美国德克萨斯大学阿灵顿分校研究人员采用对温度敏感、可局部扩张和收缩的水凝胶，并利用4D打印技术对水凝胶进行编程，使其随温度变化而膨胀或者收缩。通过对2D水凝胶进行编程，水凝胶表面可在特定的时间和空间内伸展和收缩，从而实现复杂的三维动作。该技术有望应用于生物机器人和组织工程等领域。
先进制造|达沃斯世界经济论坛报告称2025年过半数工作将由机器人承担|据环球网9月18日消息，2018夏季达沃斯世界经济论坛发布报告称，随着人工智能和机器人的发展，到2022年，全球将有7500万个工作岗位不复存在，但也将因机器而创造出1.33亿个新的工作岗位，到2025年，半数以上的工作任务将由机器人完成。报告称，机器人将迅速取代会计、客户管理、工业、邮政和秘书行业的从业人员，销售、营销、电子商务和社交媒体等需要人际技能的工作岗位将会增加，劳动者需要为适应新岗位重新接受培训以提升技能。
科技战略|欧盟发布《欧亚互联互通战略》|据欧盟委员会官网9月19日消息，欧盟发布《欧亚互联互通战略》，旨在通过加强欧亚间的交通、能源和数字网络的连通及人员的联系，建立可持续的双边、区域和国际合作关系及公平的投融资环境，促进国际金融合作并创新投融资方式，以促进全球经济、就业、贸易和竞争力的增长。该战略目前处于征求意见阶段，并将在10月18日-19日于布鲁塞尔举行的第十二届亚欧首脑会议上进行讨论。
科技战略|韩朝签署军事协议禁止一切敌对行为|据海外网9月19日消息，韩国国防部长官宋永武和朝鲜人民武力相努光铁19日在平壤签署《关于落实板门店宣言中军事领域共识的协议》，禁止双方在陆海空等一切空间采取任何敌对行为。
科技战略|布鲁金斯学会发布《管理新威胁：调整国际和平与安全工具》报告|据布鲁金斯学会官网9月19日消息，布鲁金斯学会发布《管理新威胁：调整国际和平与安全工具》报告。报告认为当前的全球安全具备4个关键特征和1个关键新兴威胁，分别是中东和北非地区的冲突、内战和恐怖主义融合、联合国机构职能和行动老化、大国竞争和代理人战争扩大的风险，以及人工智能等新兴技术对全球安全的威胁等。报告是布鲁金斯学会“多边体系下国际安全新挑战及和平安全构建研究”的成果之一，后续成果将陆续发布。
科技战略|美国国际战略研究中心发布《中国的战略、军事力量和经济：合作、竞争和（或）冲突指标》报告|据美国国际战略研究中心（CSIS）网站9月19日消息，CSIS发布《中国的战略、军事力量和经济：合作、竞争和（或）冲突指标》报告。报告综合了美国、日本、台湾和中国的官方及其他报告，研究建立并利用指标表示中国在全球的地位、军事力量和影响力及其变化，涉及美对中战略定位、中国在全球及太平洋的新兴经济大国角色、中国的全球参与等17个方面。
信息|美国务院电子邮件系统遭入侵|据Nextgov网站9月18日消息，美国务院非保密电子邮件系统遭入侵，约1%员工的个人信息面临泄露风险，国务院保密电子邮件系统未受影响。国务院将与其他部门和服务提供商合作，对此次泄露事件进行全面评估。此前，国务院就因在信息安全保护方面的糟糕表现受到国会议员质疑。
信息|科学美国人发布2018年十大新兴技术|据网易科技9月19日消息，科学美国人杂志发布2018年十大新兴技术，分别为：AR技术、个性化医疗诊断技术、分子设计领域的人工智能技术、会辩论的人工智能系统、可植入的制药细胞、实验室人造肉技术、电刺激医学、基因驱动技术、等离子激元材料和量子计算机算法。这些由生物、无机化学和AI等领域顶尖专家选出的技术被认为能在未来三五年内为社会和经济提供重大帮助。
信息|美国土安全部将为各联邦机构推出新的网络安全风险评分|据E安全9月20日消息，美国国土安全部将在未来三到六个月内，启动“机构范围内自适应风险枚举”项目，结合安全部威胁情报数据，为各机构推出新的网络安全风险评分。该项目将允许各机构结合有关已知漏洞的数据、对安全威胁的处理标准及对信息系统影响级别，优先选择待处理网络安全问题。
生物|美国卫生与人类服务部设立“副部长负责的创新与投资高层对话机制”|据HHS官网9月19日消息，美国卫生与人类服务部（HHS）设立“副部长负责的创新与投资高层对话机制”（DSIIS），将在未来一年定期组织医疗保健创业者、投资者与HHS人员召开会议，讨论医疗保健领域的创新和投资环境、新兴机会及政府在促进投资和加速创新方面发挥的作用等。DSIIS将加速医疗保健投资和研究，推动美国医疗保健领域不断发展并催生更多新的解决方案。该机制的建立是HHS部长提出的四大优先事项之“建立一个更加以价值为基础的医疗保健系统”的相关推进工作。
生物|法美两国科学家联合发布《全球癌症统计2018》，对185个国家36种癌症进行统计分析|据DeepTech深科技9月19日消息，法美两国科学家以 GLOBOCAN 2018 数据为基础发布《全球癌症统计2018》，对185个国家、36种癌症进行系统分析，包括分地区、分癌症类型的详细统计学分析，不同地区不同癌症的发病致死情况，以及地区经济发展状况与各类癌症发生的潜在关系等。该报告数据显示，2018年全球癌症新增病例1810万例，癌症死亡病例960万例。其中癌症发病率前四名依次为肺癌、乳腺癌、前列腺癌和结直肠癌；癌症致死率前四名依次为肺癌、结直肠癌、胃癌和肝癌。相关研究发表于《临床医师癌症期刊》。
生物|美国科学家发现清除大脑衰老细胞可缓解认知衰退|据学术经纬网9月20日消息，美国梅奥诊所科学家通过老鼠实验发现，清除大脑中衰老细胞可改善神经退行性疾病症状，缓解认知衰退。衰老细胞是指已停止细胞分裂，但胞内自我凋亡机制受抑制而无法死亡的一群细胞。研究人员发现，大脑中胶质细胞衰老会使大脑发生萎缩并使认知相关脑区变薄，在小鼠实验中清除衰老细胞后可有效防止这两种现象的产生，并将减少神经原纤维缠结沉积。该项研究揭示了衰老细胞在神经退行性疾病中的重要作用，有望改善大脑健康，缓解阿兹海默病或帕金森病的进程等。相关研究发表于《自然》期刊。
能源|美能源部宣布奖励2800万美元用于开发电网储能技术|据美能源部官网9月18日消息，美国能源部（DOE）高级能源研究计划署（Advanced Research Projects Agency-Energy，ARPA-E）宣布选择10个项目作为“持续增加电力存储时间”（Duration Addition to electricitY Storage，DAYS)的获奖者，奖金共2800万美元。据悉，DAYS项目获奖者将开发能量存储系统，为电网提供长达100小时可靠经济的电力，以增强电网恢复能力和性能。能源部列出的前两个项目分别为Brayton Energy团队开发的一种能够将蓄热和燃气轮机结合起来发电的储能系统和Echogen Power Systems团队开发的一种使用二氧化碳热泵循环并通过加热低成本材料将电能转换为热能的能量存储系统。
能源|美能源部宣布为电池创新中心投入1.2亿美元|据美能源部官网9月18日消息，美国能源部（DOE）宣布计划在五年内为能源储存研究联合中心（the Joint Center for Energy Storage Research，JCESR）提供1.2亿美元资金。该中心由能源部科学办公室于2012年12月成立，汇集来自多个学科和十几个领先实验室及高等院校的顶级专家团队，目的是解决电能存储领域最大的科学挑战。据悉，该中心现由Argonne国家实验室领导，未来的工作将集中于开发新电池材料、设计多价电池以及研究新概念电池如电网流动电池等。
能源|美能源部宣布投资2160万美元用于开发计算化学软件|据美能源部官网9月19日消息，美国能源部（DOE）宣布拨款2160万美元用于开发计算化学领域具有潜在应用的先进软件。美国能源部长Rick Perry表示，化学进展对能源部门和整个美国工业都至关重要。该项目将利用美国在高性能计算领域的领先优势，为计算化学提供强大的新工具，加速化学发现并帮助美国保持最重要的工业技术前沿。据悉，新软件将有助于开发新的催化剂、溶剂、光敏材料以及一系列其他分子和化学过程，应用将涵盖化石能源生产、电能储存和太阳能电池等多个领域。
能源|瑞士将发布世界第一艘太阳能远洋游艇|据中国能源网9月19日消息，瑞士苏黎世SolarImpact游艇公司(SolarImpact yacht AG)将在下个月举行的戛纳游艇节上发布世界上第一艘太阳能远洋游艇。据悉，该游艇长24米，最高时速22海里，主要的动力来源由总面积300平方米的太阳能电池板提供。为提高航行过程中的可靠性，该游艇还配有一对65千瓦(87马力)的柴油发动机作为备用。SolarImpact公司表示，使用太阳能板为游艇提供动力，不仅可以减少碳排放还可以降低传统引擎产生的大量噪音。
能源|德国大众集团计划投资60亿欧元用于电动汽车生产|据中国能源网9月19日消息，德国大众集团正积极布局电动汽车转型并计划投资60亿欧元用于电动汽车生产。根据计划,大众汽车旗下四个品牌到2020年将生产27款电动车型，1000万辆电动汽车，并在2025年实现年销售电动汽车300万辆的目标。据悉，大众汽车的第一款全电动车型将于2019年底在德国茨维考工厂正式下线。此外,大众也将在中国佛山和上海设立电动汽车生产线。
能源|美国加州立法禁止海上石油钻探|据中国能源报9月19日消息，美国加利福尼亚州州长杰里·布朗宣布，该州反对美国政府在其公共土地上扩大石油开采的计划，并签署了两项由参议员贝丝·杰克逊和国会议员穆拉苏奇提出的法案，旨在禁止美国联邦政府在加州海岸进行新的近海石油钻探。据悉，加州控制距离海岸线三英里以内的水域，联邦政府控制离岸3英里至231英里范围内的水域。布朗签署的两项法案规定，如果联邦政府批准任何新的海上石油租赁合约，加州将禁止在其管辖水域内新建石油和天然气相关基础设施。
海洋|巴拿马海事部与美国海事管理局签署海运合作协议|据航运信息网9月20日消息，巴拿马海事部与美国海事管理局签署海运合作协议，旨在增进双方在船员培训、港口运营方面的信息和经验交流，优化私人部门投资的有利条件，促进美国投资者对巴拿马海运项目的投资，进一步夯实巴拿马的物流枢纽地位。海运业是全球贸易的重要组成部分，此次协议将促进海运的可持续增长，同时致力于海运安全和环保。
航天|法国和印度正在建立载人航天工作组|据国防科技要闻9月19日消息，法国国家太空研究中心（CNES）与印度太空研究组织（ISRO）成立法国-印度载人航天工作组。两国将在太空医学、宇航员健康监测、辐射防护等领域开展合作，并将利用法国的基础设施对印度宇航员进行培训。此外，两国还将在气候和海洋监测、运载火箭研发以及深空探测等领域展开合作。
新材料|俄罗斯国家研究型工艺技术大学开发出高合金钢无缝管的新型热轧工艺|据EurekAlert网站9月19日消息，俄罗斯国家研究型工艺技术大学开发出一种新技术，可大幅简化高合金钢无缝管的热轧工艺。在传统的无缝钢管热轧工艺中，冲头因磨损问题需频繁更换，导致热轧过程效率低下。研究人员在螺旋轧机上使用了液态玻璃润滑剂和水冷工艺，成功将冲头的耐磨损抗力提升了5-6倍。在试验中，研究人员成功制备出直径90-270毫米的X10CrNiTi18高合金钢无缝管。相关研究成果发表于《The International Journal of Advanced Manufacturing Technology》期刊。
新材料|加州大学利用人工神经网络预测晶体结构的稳定性|据EurekAlert网站9月18日消息，加州大学圣地亚哥分校研究人员利用人工神经网络来预测晶体结构的稳定性。研究人员通过输入原子的电负性和离子半径两组数据，对人工神经网络进行训练。结果表明，该方法比以往的机器学习方法快10倍，可在笔记本电脑中于数小时筛选几千种材料。研究人员利用该方法，成功预测出石榴石和钙钛矿等具有稳定晶体结构的材料。相关研究成果发表于《Nature Communications》期刊。
科技战略|新美国安全中心发布《权力的游戏：应对中国“一带一路”战略》报告|据新美国安全中心（CNAS）网站9月20日消息，CNAS发布《权力的游戏：应对中国“一带一路”战略》报告。报告认为，“一带一路”战略是中国结合了经济、外交、军事和政治等多种工具提出的最新权力游戏，在解决物理和数字基础设施需求的同时，也从地缘政治到商业，再到治理与发展等方面巩固中国作为全球大国的地位，并对全球体系进行重塑。报告建议美国从建立正确的基础（getting fundaments right）、地缘政治商业、治理和发展等方面进行应对。
科技战略|美国政府问责局发布《国家网络安全应急措施》报告|据学术plus9月21日消息，美国政府问责局（GAO）发布《国家网络安全应急措施》报告。报告针对美国在网络安全面临的建立全面的网络安全战略并进行有效监督、确保联邦系统和信息安全、保护网络关键基础设施、保护隐私和敏感数据等4项主要挑战，提出了建立和实施更加综合和全面的联邦战略、确保新兴技术的安全性、改进政府范围内实施的网络安全措施、加强联邦政府在保护关键基础设施网络安全中的角色、改善联邦政府保护隐私和敏感数据的能力等10项应对建议。
信息|英国计划成立互联网监管机构|据路透社9月21日消息，英国政府正在制定成立互联网监管机构的计划，该机构将对广播公司、电信和邮政通信进行监管。英国内政部与数字、文化、媒体和体育部共同起草了相关法案，法案目前还处于补充阶段，预计将在数月后对外公布。
信息|中日科学家首次实现与器件无关的量子随机数|据科技日报9月21日消息，中国科技大学与中科院上海微系统所和日本NTT基础科学实验室合作，利用量子纠缠的内禀随机性，在国际上首次成功实现与器件无关的量子随机数，进一步确保了现实条件下量子通信的安全性。这项进展有望在数值模拟、密码学等领域得到广泛应用，并形成新的随机数国际标准。相关研究成果已在线发表于《自然》杂志。
生物|2018年度“引文桂冠奖”公布，3位生理学或医学领域科学家进入此次诺贝尔奖预测17人大名单|据科睿唯安网9月20日消息，美国数据信息分析公司科睿唯安公布2018年度“引文桂冠奖”，生理学或医学领域共3位科学家进入此次诺贝尔奖预测17人大名单，分别是：美国科学家费拉，因发现血管内皮生长因子（VEGF），促进了癌症和其他疾病中用于抑制血管生长的药物研发；日本科学家金久时，对生物信息学特别是对《京都基因与基因组百科全书》一书的完善做出突出贡献；美国科学家斯奈德，识别了多种神经递质和精神药物受体，包括与鸦片制剂相关的脑受体等。科睿唯安每年会基于Web of Science平台上的论文和引文数据对诺贝尔奖进行预测，迄今为止已有46位“引文桂冠奖”得主获得诺贝尔奖。
生物|美国已种植百万棵基因编辑苹果树，可防止果汁褐变反应|据基因农业网9月21日消息，美国科学家通过基因沉默技术培育的基因编辑苹果品种“北极苹果”，目前在美国已被种植超过百万棵。研究人员在多酚氧化酶基因表达活性不变情况下，利用基因沉默技术将控制多酚氧化酶的合成模板mRNA量降低，实现了细胞内多酚氧化酶量的减少，从而有效防止了苹果果汁褐变反应。研究人员表示，该项技术将改善苹果的生产、运输和消费等环节，未来或将用于改良牛油果和生菜等品种。
生物|美国科学家通过纳米技术实现癌细胞内功能性抑癌基因重建，促进了前列腺癌治疗的研究|据生物探索网9月21日消息，美国科学家通过开发的mRNA纳米粒子，将抑癌基因（PTEN）功能拷贝重新引入癌细胞，以逆转人体的天然肿瘤抑制机制，成功抑制了前列腺癌临床前模型中的肿瘤生长。抑癌基因的突变和缺失会导致癌症不受抑制地生长，并且目前在癌细胞内的重建十分困难。该研究小组开发的混合纳米颗粒可有效渗透细胞，保护mRNA免受降解，恢复肿瘤抑癌基因功能并杀死癌细胞。该研究成果为癌症治疗提供了新策略，并且可补充目前可用疗法如靶向抑制剂等。相关研究发表于《自然·生物医学工程》期刊。
能源|德国波兰欲联手建立欧洲动力电池联盟|据北极星储能网9月17日消息，德国经济部长阿特迈尔和波兰产业与技术部长雅德维加·埃米莱维奇共同宣布，两国将加强在电动汽车电池研发生产方面的合作。埃米莱维奇表示，该合作项目与此前欧洲国家为推动航空制造业发展建立空客集团一样，将由欧盟成员国联手推动整个电动汽车的产业发展，并建立“欧洲动力电池联盟”作为吸引相关企业参与的平台。分析人士指出，德国波兰此次合作是为了积极争夺电池研发和生产的主导权，维护和拓展欧洲在电动汽车产业供应链和价值链上的地位。
能源|美国Centrus能源公司与韩国斗山公司合作开发先进反应堆|据国防科技信息网9月19日消息，美国Centrus能源公司和韩国斗山重工与建造有限公司宣布签署谅解备忘录，旨在合作开发先进反应堆。该合作项目将包括为核工业提供制造、工程和技术服务，以及共同开发下一代商业核反应堆先进技术。据悉，Centrus能源公司是核燃料和服务供应商，提供全套工程和先进制造解决方案，同时也在研究下一代离心机技术。斗山重工与建造公司是一家工程、采购和建筑承包商，提供从铸件和锻件的制造、发电系统和海水淡化设施到发电厂建设的的各种服务。
海洋|美海军大力发展3D打印技术，以节约舰船维修成本|据国防科技信息网9月21日消息，美海军负责“增材制造加速计划”的作战部副主任霍兰与其团队正发展3D打印技术，为舰船制造一些零部件。这些零部件以往需要购买集成化程度更高的配件才能得到，而使用3D打印技术可大幅降低时间和资金成本。例如，一台校准机器出现故障，如果采购全新的校准机器需5300美元，而3D打印技术制造的一个简单的塑料按钮可使校准机器正常工作，该按钮成本价只需6美分。3D打印技术是美海军未来的发展方向，目前，“约翰·斯坦尼斯”号航母正利用这一技术。
航天|欧洲利用“清理碎片”小卫星，首次在太空中完成空间碎片网捕试验|据航小宇9月21日消息，近日欧洲利用“清理碎片”小卫星，首次在太空中完成空间碎片网捕试验。试验中，该小卫星先释放出一个立方星作为目标，然后再释放捕捉网，捕捉该立方星。完成捕获后，小卫星会启动发动机，将空间碎片拖入地球大气层烧毁。未来，欧洲还将进一步开展相关试验。
新材料|美国Allite公司开发新型高强度镁合金产品|据材料科技在线9月21日消息，美国Allite公司计划推出新型高强度镁合金产品Allite Super Magnesium。该产品分为AE81、ZE62和WE54三个系列，均具有很强的耐腐蚀性、抗疲劳性和耐磨性，且具有优异的硬度和电绝缘性能。新型高强度镁合金的密度比航空6061铝合金低33%，价格比树脂基碳纤维增韧复合材料有较大优势。Allite表示，该产品是市场上唯一一种在650摄氏度不会燃烧的镁合金。未来，Allite公司将致力于使该合金广泛应用于体育器材、无人机、机车发动机等领域，开发新的轻量化市场。
先进制造|美国科学家运用机器学习实时监测金属3D打印瑕疵|据国防科技信息网9月20日消息，美国劳伦斯利弗莫尔国家实验室的科学家通过利用卷积神经网络( CNNs )，能够有效预测3D打印零件是否存在缺陷，并在几毫秒内完成相关质检工作。研究人员使用了约2000个分块激光轨迹的视频片段构建该神经网络，通过此算法，研究人员能够录制3D打印零件的过程，并确定零件质量是否符合既定标准。该算法能够有效帮助处理打印过程、缩短产品检验工时并及时纠正、调整相关偏差数据，在区分产品优劣方面，其精度可达93%。
先进制造|首个3D打印量产航材试验工厂在德国投入运营|据OFweek网9月21日消息，德国飞机零配件制造商Premium Aerotec、戴姆勒汽车集团和3D打印巨头EOS公司展开合作，推动3D打印技术在航空制造领域的应用。此次合作项目名为NextGenAM，三方已在德国北部城市瓦雷尔设立了试验工厂，工厂中配备了用于增材制造、后期处理和质检等方面的机器设备，以对3D打印技术在工业化量产中的适用性进行测试。该合作项目目标是为汽车和航空航天行业的3D打印铝合金部件开发完整的生产系统。
科技战略|白宫预算和管理办公室发布新智能云战略提案|据白宫官网9月24日消息，白宫预算和管理办公室发布新智能云战略提案，对2011年发布的智能云战略进行更新，为美国政府各机构将网络迁移到安全可靠的云网络提供指导，并在降低美国各机构的网络成本的同时，提高服务的安全性和效率。美联邦信息官员表示，为了跟上国家创新的步伐，特朗普非常重视联邦政府的现代化，新提案有助于代理商提供更好的解决方案，改善联邦服务质量和网络安全性。
科技战略|兰德公司发布《美国高层在情报领域的前景和机遇》报告|据兰德公司官网9月24日消息，兰德公司发布《美国高层在情报领域的前景和机遇》报告。报告从美国情报体系面临的变化，任务、收集、处理、利用和传播（TCPED），安全、反间谍和内部威胁，开源信息以及激增的危机等5方面来探讨竞争者、流氓政权、恐怖分子、网络武器和大规模杀伤性武器扩散对美国情报界构成的威胁，并为美国情报界如何履行好职责提供建议。
科技战略|美国务院批准对台22亿元军售案|据海外网9月25日消息，美国国防安全合作局24日发布声明称，美国务院已批准一份价值3.3亿美元（约22.6亿人民币）的对台军售案，同意向台湾出售F-16战机、C-130运输机、F5战机、经国号战机以及所有航空器系统备件。此外，还有一些其他相关必要支持系统。声明表示，此军售案符合“台湾关系法”的规定，有助于提升美国的外交政策和国家安全，并有助于提高台湾的安全和防御能力，将是政治稳定、军事平衡和经济进步的重要力量。目前，该军售案正在美国会接受审理。
科技战略|前赛门铁克首席执行官将成为美国国防创新试验单元的下一任负责人|据防务新闻网9月25日消息，前赛门铁克首席执行官迈克尔·布朗（Michael Brown）将成为美国国防创新试验单元（Defense innovation Unit Experimental，DIUx）的下一任负责人。DIUx创立于2015年，每年的预算约为4000万美元，目的是利用商业领域创新力量，为美国保持军事优势提供支持。布朗此前是白宫总统创新研究员，对中国在美科技影响力方面有所研究，且对中国的态度与特朗普一致，并认为中美正处于技术竞赛中。
科技战略|美韩签署贸易修正协议|据华尔街见闻9月25日消息，美国当地时间9月24日，特朗普和文在寅签署美韩双边贸易修正协议。韩国以调整双边贸易协议换来永久性钢铁关税豁免。这是继上月美国与墨西哥达成初步双边贸易框架后美国的又一贸易谈判成绩，也是特朗普真正白纸黑字签署的首份双边贸易协议。
信息|美国发布《国家网络战略》|据环球网9月21日消息，特朗普签署《国家网络战略》，旨在管控网络安全风险，应对网络威胁，提升国家信息与信息系统的安全与抗风险能力，维持美国网络空间优势。这是特朗普上任后的首份国家网络战略，除了提及保证国家网络安全外，还希望保持互联网的长期开放性，遏制在网络空间造成不稳定的行为，维护美国利益。
信息|微软在丹麦建立用于量子计算的材料实验室|据Cnbeta网站9月24日消息，微软在丹麦灵比建立了一个新的量子材料实验室，旨在生产构建第一台可扩展量子计算机所需的一些物理部件。该实验室由来自哥本哈根大学、丹麦技术大学和微软的工程师及研究人员负责建立和运营，将着力推动技术突破，尝试构建量子比特用于建造量子计算机的处理核心。
信息|白宫发布国家量子战略，并召开量子信息科学峰会|据GeekWire网站9月24日消息，美国白宫发布国家量子战略，并召开量子信息科学峰会。战略建议由国家科学委员会主导，为量子信息研究创建透明的、系统的国家规划，利用现有研究条件，适应不断变化和改进的科学技术知识，推动量子信息技术进步。白宫还召集国防部、能源部、国家科学基金会等联邦机构，与Alphabet、IBM、摩根大通等公司专家举办量子信息科学峰会，讨论美国政府推动量子信息科学的努力。
信息|美国国家科学基金会拨款3100万美元资助量子研究和人才培养|据NSF网站9月24日消息，美国国家科学基金会拨款3100万美元用于通用量子计算机、安全量子通信技术等基础量子研究，并帮助培养下一代量子研究人员。国家科学基金会希望通过基础量子研究和人才培养，加深对量子力学的理解，加强量子技术在现实中的应用，让美国引领量子技术革命。
生物|美国萨克研究所开发出RNA编辑工具CRISPR/Cas13d|据生物通网9月25日消息，美国萨克研究所（Salk）科学家开发出RNA编辑工具CRISPR/Cas13d。研究人员已通过低温电子显微镜（cryo-EM）解析了Cas13d酶的结构，了解到CRISPR/Cas13d对RNA进行编辑的机制。该成果有助于改进、开发出有效的RNA编辑系统，为治疗RNA疾病提供新思路。
生物|诺和诺德宣布在丹麦和中国裁员400人，以强化其AI方面的竞争力|据Biospace9月25日消息，世界领先的制药公司，丹麦诺和诺德宣布将在丹麦和中国的研发中心裁员约400人，以重组其研发中心，加速其严重慢性病产品管线的拓展和多样化，强化AI方面的竞争力。诺和诺德表示，“我们的体力劳动出现过剩，但在数字领域、信息学、数据科学、人工智能和自动化方面则缺乏竞争力”。据悉，诺和诺德将在先导分子筛选和研发阶段引入自动化、机器学习和人工智能等先进技术来提高研发效率。
能源|美国瞬态反应堆成功完成首次核燃料试验|据国防科技信息网9月21日消息，美国爱达荷国家实验室的瞬态反应堆成功完成首次核燃料试验。该试验设施将核燃料置于极端条件下，并产生脉冲使核燃料受到辐射和加热，其目的类似于高冲击汽车碰撞测试，有助于核工业开发出更具弹性和更持久的核燃料。分析人士表示，此次试验成功标志着一种对美国核燃料发展至关重要的能力的恢复，该能力无论是对现有的反应堆还是正在设计的新一代先进反应堆来说都十分关键。据悉，此次试验将用于美国能源部核能办公室开发的轻水堆耐事故核燃料（ATF）项目的新燃料测试。
能源|美国麻省理工学院成功研发出锂-二氧化碳电池|据cnBeta网站9月24日消息，美国麻省理工学院成功研发出锂-二氧化碳电池。该研究团队通过将二氧化碳掺入胺溶液中使二氧化碳预活化，并将该溶液与另一种非水液体电解质混合，用于具有碳阴极和锂阳极的电池中。研究人员发现，该电池不仅可提供与现有锂电池相当的电力，还可在电池放电时，将电解液中的二氧化碳转化为固体矿物碳酸盐形式。研究人员Betar Gallant表示，该电池在充电同时，成功将二氧化碳从气体转化为固体，为解决气候变化提供了一种新思路。据悉，该电池目前只能运行大约10个充电周期，还无法应用于商业中。相关研究成果发表于《Joule》期刊上。
海洋|俄航天测控船改造工作已基本完成，将成为太平洋舰队的海上指挥所|据新浪军事9月22日消息，俄罗斯“克雷洛夫元帅”号航天测控船的改造工作已基本完成，并在“东方-2018”战略演习中进行了测试，未来将成为俄太平洋舰队的海上指挥所。该船是俄海军唯一一艘航天测控船，现隶属于太平洋舰队第114支队，其主要任务是确保新型火箭航天系统的测试和演习、空天军航天器发射、落水航天器的搜索、救援和人员疏散。此外，该船还可侦察船只、潜艇和飞机，转发各种类型的信息。此次改造后，该舰也可被俄国家航天公司用来跟踪从东方发射场升空的火箭。
航空|欧洲导弹公司推出新概念无人战斗机“Spectre”，可为前线作战部队提供低成本近距离空中支援能力|据航空工业信息网9月25日消息，欧洲导弹公司（MBDA）推出一种新概念无人战斗机“Spectre”，旨在为前线作战部队提供随叫随到的低成本近距离空中支援能力。该无人战斗机是一种电力驱动的倾转旋翼无人机，能够从垂直起降模式快速切换至前飞模式，可在低空复杂地形上快速飞行。该无人机能应对视距外的威胁，并具备观察和等待模式，可承担巡飞作战任务。
航天|日本“隼鸟2”探测器成功在“龙宫”小行星上部署2台漫游车|据航小宇9月24日消息，日本“隼鸟2”小行星取样送回探测器成功在“龙宫”小行星上部署2台漫游车。据悉，2台漫游车状态良好，已发回照片和数据，证实了其正在龙宫表面上运动。未来，“隼鸟2”将把从“龙宫”小行星上采集的样本送回地球，供研究人员分析。
航天|俄罗斯国家航天集团称，将提出新的月球轨道空间站项目，或有金砖成员国参与|据央视财经9月24日消息，俄罗斯国家航天集团公司负责人罗戈津表示，俄罗斯将提出新的月球轨道空间站项目，且不排除金砖国家成员国参与该项目的可能性。他表示，在美俄共同开展的“深空之门”项目中，如果俄罗斯只能发挥次要作用，将不再参加该项目。有分析认为，在目前美俄关系陷入低谷的背景下，俄罗斯有可能暂停一系列同美国在航天领域的合作。
先进制造|美国研究称光聚合物3D打印材料或对环境和健康造成威胁|据OFweek网9月23日消息，美国罗伯特莫里斯大学研究人员发现，用于光固化3D打印的常用材料——光聚合物可能会释放对周围环境以及人体健康产生影响的毒素。光聚合物是通过有毒重金属锑的化学反应制得的，用该材料打印的物品包含的重金属水平是其它聚合物的100倍以上。 虽然目前3D打印机中使用光敏聚合物的用量还比较小，但随着3D打印市场快速增长，会导致含锑物料的使用量不断升级，从而导致潜在的环境和健康风险，可能会污染土地，造成人类心脏损伤。
信息|美国能源部投入2.18亿美元资助量子信息科学研究|据Eurekalert网站9月25日消息，美国能源部宣布为量子信息科学领域的85项研究提供2.18亿美元的资助，涵盖开发新一代量子计算机的软硬件、具有特殊量子的新材料合成以及利用量子计算分析暗物质和黑洞等研究项目。国防部希望通过资助科学研究，推动量子信息科学的进展，确保美国在前沿科技领域的领导地位，同时衍生出有利于经济和社会进步的新技术。
信息|商务部就制定全国范围的数据隐私规则征求公众意见|据路透社9月26日消息，美国商务部正在就如何制定全国范围的数据隐私规则征求公众意见。商务部表示，使用消费者数据的公司和其他组织应该将使用个人信息的过程透明化，同时个人对自身信息和数据的使用应该具有控制权。参议院商务委员会与Alphabet、AT＆T和苹果等公司举行了隐私听证会，征求大公司关于隐私规则制定的相关意见。
信息|谷歌、FB等科技公司承诺在欧洲打击假新闻|据新浪科技9月26日消息，谷歌、Facebook、Twitter及其他科技公司、广告公司联合向欧盟委员会提交方案，承诺采取新措施、投入资金、引进新技术，在欧洲打击网络假新闻。方案承诺在不伤害言论自由的前提下，努力解决互联网上的假新闻。新方案还规定，各企业需与新闻机构合作，制定一套新闻可信度指标，发布年度报告介绍打击假新闻的工作成果，并将报告提交给独立第三方评估。
生物|康涅狄格州立大学找到抗癌新药，有望逆转化疗耐药|据生物谷9月26日消息，康涅狄格州立大学科学家发现几种小分子化合物可以抑制某些癌细胞躲避化疗损伤的能力，而避免化疗损伤就意味着开始产生耐药性。研究人员通过一系列生物化学、计算模拟和细胞研究找出这些药物初步的结构-活性关系，确定了它们初步的药代动力学参数。这些分子可以作为一种联合抗癌药物使长期化疗更有效。研究人员表示，新药开发是一个漫长的过程，还需要更多的实验室和临床研究以深入挖掘这种药物并将之推向临床。
能源|伊朗石油部确认韩国已完全停止进口伊朗石油|据中国能源网9月25日消息，伊朗石油部23日发表声明，确认韩国已经完全停止进口伊朗石油。韩国成为自美国于11月重启伊朗制裁后，第一个将伊朗石油进口量降至零的国家。根据伊朗石油部提供的数据，在美国制裁威胁之前，韩国每天约从伊朗进口石油18万桶。
能源|荷兰皇家壳牌集团宣布大规模部署人工智能应用计划|据中国石化新闻网9月25日消息，荷兰皇家壳牌集团宣布大规模部署人工智能应用计划。据悉，该集团正采用一个新的人工智能平台来推进其在预测性维护方面的努力，如预测压缩机、阀门和其它设备何时需要维护，同时在全公司推广以人工智能为动力的应用，包括帮助引导钻头在页岩层中行进、改善员工和客户安全等。
能源|美国核电机组将于2019年首次安装耐事故核燃料|据国防科技信息网9月25日消息，美国Entergy能源公司将从法国法马通公司订购耐事故核燃料（ATF），并于2019年底首次装入阿肯色核一核电站1号机组中（836 MWe压水堆）。法马通公司表示，该耐事故核燃料设计的主要特点为铬涂层，在核燃料的现有合金包壳中添加铬涂层可提高核燃料的高温抗氧化能力、减少事故条件下的产氢量以及增强正常运行时的耐磨性和抗碎片性等。据悉，除了镀铬包层的核燃料之外，法马通公司还开发了掺杂铬的核燃料芯块。该燃料芯块预计在事故条件下寿命更长且性能更好。
海洋|马士基“Venta Maersk”号完成北极首航|据国际船舶网9月26日消息，马士基“Venta Maersk”号集装箱船近日靠泊德国不来梅港，成功完成其首次北极之旅。该船是目前世界上最大的冰级集装箱船之一，专门为冬季以及低于零下25摄氏度的运行环境而设计建造。马士基此次试航北极航线，旨在收集相关数据，以研究是否可以充分利用该航线，使其成为苏伊士运河等传统亚欧航线的替代航线。集装箱船商业化运营的实现，标志着北极航线真正商业化时代的到来，此次试航的相关数据，或为将来北极集装箱船商业化运营提供便利和基础。
航天|欧洲“阿里安5”火箭成功发射“地平线3e”和“阿塞航天2”通信卫星，完成第100次发射任务|据航小宇9月26日消息，欧洲阿里安航天公司的“阿里安5”运载火箭成功发射了“地平线3e”和“阿塞航天2”通信卫星。“地平线3e”卫星将用于向亚太和北美提供航空和海事移动服务，并支持政府网络化应用。“阿塞航天2”卫星将用于向欧洲、中南亚和撒哈拉非洲提供直播服务。此次发射是“阿里安5”火箭完成的第100次发射任务。
航天|印度计划在北极设立太空通信站|据国防科技信息网9月26日消息，印度空间研究组织计划在北极开设国家卫星星座控制中心和监控测量站。印度科学家称：“印度空间研究组织非常重视在北极建设联络点，但要获得国际机构许可并与外国伙伴建立合作还尚需时日。”印度时报称，此举对于印度利用太空为国家经济和国防牟利具有重要意义。
新材料|巴斯夫开发出全球首款以聚醚砜为基础的粒子泡沫|据新材料在线9月25日消息，巴斯夫推出全球首款以聚醚砜（PESU）为基础的粒子泡沫原型。该泡沫具有独特的性能组合：耐高温、固有阻燃性、极度轻质并拥有高硬度和高强度，因此特别适合于制造汽车、飞机及火车内部形状复杂的部件。这类部件不仅需要卓越的机械性能，还需要承受高温运行，或满足严格的阻燃性要求。可发泡PESU颗粒经预发泡处理为密度低达40-120克/升的粒子，通过市场上现有技术可加工成为具有复杂三维几何结构的成型件。
科技战略|布鲁金斯学会发布《美中关系：到了结束接触的时间了吗？》报告|据布鲁金斯学会官网9月25日消息，布鲁金斯学会发布《美中关系：到了结束接触（engagement）的时间了吗？》报告。报告认为，中国不断增长的实力、对美国全球领导地位构成的挑战、重商主义经济模式及其他被视为威胁的行动，使得特朗普政府、立法者、企业和学术机构正在放弃1972年尼克松访华以后确定的美国对中国政策的基础（即接触），这将挑起一场激烈的竞争，加剧美中两国之间的敌意和对抗性，对双方来说都没有益处。实际上，在应对中国在经济、数字、学术和安全等领域提出的挑战中保持与中国的持续接触及互利共赢，美国的政策转变更有可能取得良好的效果。
科技战略|美国、日本和欧盟三方贸易部长发布联合声明|据欧盟委员会官网9月26日消息，美国、日本和欧盟三方贸易部长发布联合声明，三方在应对第三国非市场化政策、国企补贴、强制技术转让、WTO改革、数字贸易和电子商务，以及贸易风险和投资审查等其他问题达成一致。
科技战略|美国国际战略研究中心发布《超越传统政治边界：衡量美国国会的国际主义》报告|据美国国际战略研究中心（CSIS）网站9月26日消息，CSIS发布《超越传统政治边界：衡量美国国会的国际主义》（Beyond the Water’s Edge：Measuring the Internationalism of Congress）报告。报告综述了2016年美国总统大选后关于美国国会外交政策的研究成果，与总统外交政策研究形成比较，以理解民粹主义和孤立主义对美国外交政策走向产生的影响。
科技战略|美国国际战略研究中心发布《网络空间中的认知效应与国家冲突》报告|据美国国际战略研究中心（CSIS）网站9月26日消息，CSIS发布《网络空间中的认知效应与国家冲突》报告。报告认为信息技术对国际冲突和国际安全进行了重塑，并从知识革命与政治、“阿拉伯之春”和对手策略（主要指中、俄、伊朗和朝鲜）等3个方面考察了以信息及其产生的认知效应为核心的新冲突形式。
科技战略|美国国际战略研究中心发布《恐怖主义“战争”的不确定趋势：国家恐怖主义、叛乱及其他关键问题的挑战》报告|据美国国际战略研究中心（CSIS）网站9月26日消息，CSIS发布《恐怖主义“战争”的不确定趋势：国家恐怖主义、叛乱及其他关键问题的挑战》报告。报告主要探讨两个关键问题：一是定义恐怖主义的方式对恐怖主义数据和信息收集的影响，二是恐怖主义数据收集的标准。在以上探讨中，报告还试图明确恐怖主义数据库中的不确定性和矛盾的规模，并为美国政府更好地收集恐怖主义数据提供建议。
信息|普林斯顿大学研发出可显著提高神经网络性能的芯片|据Phys网站9月24日消息，普林斯顿大学与美国半导体公司ADI合作，研发出能够显著提高神经网络性能和效率的芯片。研究人员对神经网络芯片进行改进，加速了芯片的信息获取速率，使芯片性能获得数十倍的提升。该芯片可以帮助推进图像识别、自动驾驶汽车和机器人中的人工智能系统等众多神经网络应用。
信息|DARPA与DigitalGlobe共建地理空间云分析中心|据Army-technology网站9月26日消息，DARPA与DigitalGlobe公司签署合同，共同创建地理空间云分析中心，为地理空间的多源信息提供非加密的云分析平台。DARPA希望借此平台获得对大量不同类型的地理空间数据进行大规模处理和分析的能力，帮助军事和情报人员快速获得数据分析结果并做出重大决策。
信息|悉尼大学开发出可恢复光纤信号的芯片，有助于提升信息传输速率|据Eurekalert网站9月26日消息，悉尼大学纳米研究所科学家开发出可恢复光纤信号的芯片，能在提取出光纤信号携带的数据后将其转化为电子信息。此前从光纤信号中提取信息需要本地振荡器和复杂的数字信号处理系统，面对大量数据时处理时间大大增加。该技术简化了从光纤信号中提取信息的过程，有助于提升光纤的信息传输速率，可用于云计算、物联网等大量数据的传输。
生物|美英科学家首次利用基因编辑技术修复动物体内线粒体DNA突变，有望用于治疗线粒体遗传病|据奇点网9月25日消息，英国剑桥大学和美国迈阿密大学研究团队分别使用基因编辑技术ZFN和TALENs成功在小鼠体内消除线粒体中导致疾病的突变DNA，这是人类首次利用基因编辑技术在体内编辑线粒体DNA（mtDNA）。mtDNA没有采用CRISPR技术进行基因编辑，一方面是mtDNA太小，采用ZFN和TALENs相对于CRISPR更易操作；另一方面是CRISPR需要引导RNA，而引导RNA目前无法有效进入线粒体内。该项研究结果有望用于治疗耳聋、癫痫和肌肉无力等线粒体疾病。相关研究成果发表于《自然·医学》期刊。
生物|美国科学家开发出新型脑机接口解码器，可绕过脊髓损伤直接恢复瘫痪肢体运动功能|据Nature自然科研网9月25日消息，美国巴特尔纪念研究所科学家通过分析四肢瘫痪患者的大脑活动数据，开发出深度学习算法“脑机接口解码器”，可向患者前臂肌肉直接传递电刺激，从而恢复瘫痪肢体的运动功能。研究人员向患者大脑运动皮层植入微电极阵列，可高时空分辨率直接采样神经元活动。神经活动大数据库开发的脑机接口解码器可准确、快速、持久地控制电刺激设备，实时恢复患者瘫痪的前臂活动，且会自发学习新功能等。相关研究成果发表于《自然·医学》期刊。
海洋|美海军推出新型水下导航装备，为水下作战提供安全保障|据国防科技信息网9月27日消息，美海军水面战中心与英国JFD公司联合研制出小型、低成本以及低功率增强型水下导航装备—“暗影导航”。该装备是军用市场上首款免手操作的水下导航设备。JFD公司负责人表示，目前的手持式或战术浮板上安装的罗盘、深度计和航海经线仪等在零能见度环境下无法使用，严重限制了水下作战人员的作战能力。该装备安装在潜水员的标准半面罩上，即便在零能见度条件下仍可为穿戴者显示清晰的罗盘航向、深度和时间等信息，使潜水员不再受低能见度等恶劣任务环境的限制，并且无需携带战术浮板。
海洋|俄罗斯研制出可在水下施放无人机的无人潜航器|据新华社9月27日消息，俄罗斯研究人员研制出可在水下施放无人机的无人潜航器。该潜航器名为“孔雀石”，长宽高分别为38厘米、30厘米和28厘米，质量约6千克，可通过遥控下潜至水深50米处且连续工作４小时。该潜航器携有一台小型多旋翼无人机，当潜航器在水下完成所有信息收集工作后，会将存有这些信息的无人机向水面弹射。无人机上浮到水面后，会将“出水”信息传给操控员，并由后者启动无人机升空。俄海军官员表示，目前由舰艇执行的一些水下任务，未来可交由造价低廉的无人潜航器来完成。
航空|美国贝尔公司展示无人攻击机V-247的全新模型|据战略前沿技术9月27日消息，美国贝尔公司展示无人倾转旋翼机V-247 “警惕”（Vigilant）的全新模型。该无人机将具备自主飞行能力，并拥有必要的数据链接，可与有人驾驶飞机协作。该无人机将承担综合防空、电子战、空中预警和精确打击等任务。贝尔公司希望到2023年完成该型无人机生产的计划。
航天|NASA发布《国家空间探索运动报告》，阐述了其送人重返月球和前往火星的规划|据航小宇9月27日消息，近日NASA发布《国家空间探索运动报告》。该份报告阐述了NASA送人重返月球和前往火星的规划，但未说明具体细节。该报告概括介绍了“国家空间探索运动”的战略目标，包括把低地轨道活动转交给私营部门；送宇航员重返月球表面；前往火星和其它目的地所需的各项能力等。
新材料|日本理化学研究所开发出可贴在皮肤上的自供电心脏监测器|据EurekAlert网站9月26日消息，日本理化学研究所开发出由光能驱动的超柔软的有机传感器，可用作自供电心脏监测器。研究人员将可监测一系列生物功能的有机电化学晶体管，集成到柔性光伏电池中，成功开发出自供电心脏检测器。在明亮光线下，该器件能够有效监测大鼠和人类的心跳。研究人员表示，这是实现人体自供电医疗设备的重要一步。相关研究成果发表于《Nature》期刊。
先进制造|耶鲁大学开发出机器皮肤，可将无生命的物品变成机器人|据环球科学9月26日消息，美国耶鲁大学科学家开发出机器皮肤，该皮肤可被安装到日常生活的各种用品如泡沫碎片、毛绒玩具上，然后将其变成可执行不同任务的临时机器人。该机器皮肤由弹性板制成，并嵌入了传感器和执行器，当将其包裹在目标物体上之后可使物体移动、进行抓取或使感知周围环境，以执行不同的任务。该技术或可用于搜救机器人以及可穿戴等领域。
先进制造|大众汽车将推进新型驾驶辅助系统研发|据机器之心9月27日消息，大众汽车表示计划使用虚拟测试技术加快新型驾驶辅助系统的研发及生产。下一代辅助系统将在虚拟生成的驾驶和交通场景中进行调试及数据分析。大众汽车目前已经对内部开发的软件进行测试，将其用于模拟实际交通状况下的汽车驾驶。未来，用于检验自动驾驶所需的数百万公里测试里程都可以在虚拟环境中完成。
信息|铱星通讯与亚马逊共建卫星物联网|据Cnbc网站9月28日消息，铱星通讯宣布与亚马逊建立合作关系，共同开发名为CloudConnect的卫星物联网，预计于2019年上线。铱星通讯负责为物联网设备提供卫星通讯服务，亚马逊则将整个物联网通讯系统接入其云服务平台，从而提供更高速度的卫星通讯。
生物|美国立卫生研究院在全国资助新建三所基因组中心，将对100万人的基因组测序|据NIH网9月25日消息，美国立卫生研究院的“我们所有人（All of Us）”计划将拨款2860万美元在全国新建三所基因组检测中心，用于对100万美国人的基因组进行测序。基因组检测中心获得的遗传信息将构建“All of Us”精准医学研究平台，以支持各种重要健康问题研究并加速推进美国精准医疗计划。休斯敦贝勒医学院、剑桥市布罗德研究所和西雅图华盛顿大学西北基因组学中心等机构将主导三所基因组检测中心的建设。
生物|美国立卫生研究院“人类生物分子图谱计划”发布首个资助项目，以支持成人细胞图谱绘制|据NIH网9月26日消息，美国立卫生研究院的“人类生物分子图谱计划（HuBMAP）”发布首个资助项目，计划4年资助5400万美元，用于开发可高分辨率观察组织细胞的全球开放框架，以支持成人细胞图谱的绘制。该项目将开展三方面工作：生成、标准化和验证关于细胞组织及其变异性的数据集；开发新工具和技术来构建高分辨率组织图；管理HuBMAP数据并建立组织地图图集。HuBMAP的实施将探索细胞组织和功能之间的关系并构建人体细胞参考框架，进而深入研究生命周期、自然变异和疾病表型等。
生物|美国家过敏和传染病研究所发布《结核病研究的战略计划》|据NIAID网9月26日消息，美国家过敏和传染病研究所（NIAID）发布《结核病研究的战略计划》，以促进结核病诊断、预防和治疗的变革性技术研发。在该项战略计划中，NIAID将支持纳米技术等新兴技术的研究以促进结核病的高效诊断；将支持使用先进技术和改进的动物模型以促进新型结核病疫苗开发；将支持潜在活性药物和针对耐药菌药物的研发等。据悉，结核病是全球主要致死性传染病，2017年造成约160万人死亡。而在过去200年中，结核病已造成超10亿人死亡。
能源|美国公布甲烷排放最新修订法案|据中国能源网9月26日消息，美国内政部于9月18日公布了对奥巴马时代甲烷排放规则的最终修订法案。该新法案取消了奥巴马时代对油气井泄漏、排放或燃放甲烷的限制，废除了要求能源公司检查和修复泄漏的规定，取消了对完井、储油船和气动控制器等设备的要求。相关负责人表示，该新法案将在公布60天后生效，旨在减少美国政府与州、部落及其他联邦机构规定的冲突。
能源|DNV GL发布新版漂浮式风力发电机设计标准|据中国能源网9月27日消息，全球最大独立能源专家与认证机构 DNV GL发布针对漂浮式风力发电机结构设计的修订标准DNV GL-ST-0119，以及针对漂浮式风力发电机认证的全新指南DNV GL-SE-0422。据悉，上述两份文件共同定义了漂浮式离岸风力发电机在概念、样机和项目方面的设计与认证要求，内容适用于整个漂浮式结构，包括从对单个风机和浮体的控制，到整个风电场的系泊和固定。同时该文件还提供了最全面的技术参考，以确保漂浮式风力项目可安全可靠地开展。
能源|美国纽斯凯尔电力公司小型模块堆进入第一制造阶段|据国防科技信息网9月27日消息，美国纽斯凯尔电力公司的小型模块堆（SMR）已进入第一制造阶段。该阶段将持续到2020年6月。总部位于弗吉尼亚州的BWX技术有限公司将作为首家制造商，以完善纽斯凯尔公司在SMR的可制造性、可装配性和可运输性方面的设计。纽斯凯尔公司表示，此次制造工作的启动标志着公司在将小型模块堆推向市场方面取得了重大进展。据悉，纽斯凯尔公司的SMR是第一个也是迄今为止唯一一个接受美国核管会（NRC）设计认证审查的小型模块堆。
海洋|俄罗斯研制出装备于无人机的极地雷达，用于监测北极地区|据国际极地与海洋门户网9月27日消息，俄罗斯RTI系统公司研制出装备于无人机的极地雷达。RTI首席执行官Maksim Kuzyuk表示，俄罗斯此前在北极冰区没有可连续监测冰山漂移的系统，这在一定程度上限制了北极搜救行动、地质勘探工作以及北极航线的航行安全性。此次研制的新雷达可评估船舶交通路线上的冰厚，为救援行动提供信息支持，同时也可对北极陆架进行环境监测。
海洋|中俄研究机构签署合作意向书，进一步加强北极领域合作|据中国海洋网9月28日消息，中国青岛海洋科学与技术试点国家实验室与俄罗斯希尔绍夫海洋研究所签署合作意向书，双方约定将进一步加强在北极领域的合作，探讨在俄罗斯共建中俄北极研究中心，并以此作为双方长期稳定合作的基石。俄罗斯希尔绍夫海洋研究所是世界闻名的海洋研究机构，在北极研究方面具有丰富经验。此次双方合作共建中俄北极研究中心，将以北极综合研究为主，兼顾全球海洋科学研究。
航空|英国BAE公司开发未来战斗机虚拟座舱，飞行员将可通过眼睛控制战斗机|据航空简报9月28日消息，英国BAE系统公司正在开发未来战斗机虚拟座舱，将使飞行员能够通过眨眼控制未来的战斗机。该款座舱是一种未来概念科技，将可投射出仪表、面板等配件，并通过追踪飞行员的眼睛下达相关指令。该款座舱可适应不同机型并可重新配置，帮助飞行员快速访问、评估和处理关键信息。
航天|日本天空完美日星公司成功发射高通量通信卫星Horizons 3e|据天地一体化信息网络9月27日消息，日本天空完美日星公司利用“阿丽亚娜5”火箭成功发射通信卫星Horizons 3e。Horizons 3e卫星是该公司推出的首个搭载高通量（HTS）系统的卫星，通信容量比传统卫星将提高10倍以上。该卫星将满足亚太地区移动业务的通信需求。
新材料|荷兰拉德堡德大学成功将信息存储在单个原子中|据材料科技在线9月28日消息，荷兰拉德堡德大学科学家发现了一种新机制，可以将信息存储在单个原子中。虽然该原理需要在非常低的温度下才能证实，但该机制却具有在室温下的应用前景。通过这种方式，人们可以存储比当前硬盘多几千倍的信息。相关研究成果发表于《Nature Communications》期刊。
新材料|新加坡国立大学开发出一种基于纳米材料的水凝胶，可用于重建健康肝细胞|据材料科技在线9月28日消息，新加坡国立大学研究人员开发出一种基于纳米材料的水凝胶，可促使羊膜上皮细胞分化长成成熟的肝细胞。该水凝胶材料可以模拟健康人肝脏的硬度和表面粗糙度。研究人员将羊膜上皮细胞种植在该水凝胶材料上，随后这些细胞被刺激生长，发育为成熟的肝细胞。
先进制造|美国威斯康辛州为富士康无人车运输打造智能道路|据OFweek网9月27日消息，为支持富士康在威斯康辛州建设大型液晶面板工厂，该州计划将投入5亿美元，对美国94号州级高速公路进行拓宽改造，同时将其升级为支持无人驾驶车辆的智能道路。此次道路改造主要有两个目的，一是提高车流上限，二是支持富士康无人驾驶汽车运输物资，改造路段长度将近30公里。改造后的高速公路各方向中将有一个车道升级为智能道路，此次改造预计于2021年完成。
信息|欧盟理事会正式表决通过超级计算机计划|据欧盟官网9月28日消息，欧盟理事会正式表决通过欧盟委员会此前提出的超级计算机计划。根据该计划，欧盟和欧洲各国将共同出资10亿欧元，在欧洲部署两台排名世界前5的超级计算机，这些超算将向公共部门和私人企业开放，为多个科研和工业应用领域提供超算资源。欧盟后期可能还将投入27亿欧元用于超级计算机和数据处理的研发。
信息|美国联邦通信委员会通过新规定，加速5G移动网络部署|据Nextgov网站9月28日消息，美国联邦通信委员会（FCC）通过新规定，简化地方政府对小基站的审批流程，加速5G移动网络在全美的部署。FCC主席阿基特·帕伊表示，美国在5G技术方面的领导地位是国家保持经济增长和竞争力的必要条件，5G部署的最大障碍在于国内监管，必须简化监管程序推动美国5G部署，刺激技术创新。
信息|Facebook遭到黑客攻击，可能导致5000万用户信息泄露|据路透社9月29日消息， Facebook安全系统漏洞导致该公司网站遭到黑客攻击，可能使近5000万用户的信息泄露，目前该漏洞已经被修复。黑客利用Facebook公司代码中的一项功能，得到接管5000万用户账户的权限。Facebook表示，目前还不清楚黑客的身份和来源，对攻击事件的评估也尚未完成，整个调查还处于初始阶段。
生物|中医将首次被世界卫生组织纳入全球医学纲要，或跻身主流疗法|据中国生物技术网9月28日消息，中医将首次被世界卫生组织纳入全球医学纲要。该纲要也被称为国际疾病与相关健康问题统计分类（ICD），其对数千种疾病和诊断进行了分类，决定100多个国家的诊疗过程。此次中医将被纳入到第11版全球医学纲要第26章内，该章节主要阐释传统医学的分类体系，并将于2022年在世卫组织成员国实施。中医由于实践科学依据薄弱，缺少临床试验支持等，目前仍充满争议。世卫组织称，在部分国家传统医疗比西医更便宜，也更容易获得，因此支持传统医学尤其是中医，是实现全民医疗保健长期目标的一部分。
能源|特朗普签署“能源部研究与创新法案”H.R.589、“联邦电力修订法案”H.R.1109和“2017核能创新能力法案”S.97|据美国白宫官网9月28日消息，特朗普签署三项能源相关法案H.R.589、H.R.1109和S.97。“能源部研究与创新法案”H.R.589为能源部科学和能源研究与发展计划制定政策，并对国家实验室管理及技术转让计划进行改革；H.R.1109法案修订了“联邦电力法案”，以明确联邦能源监管委员会对公用事业公司合并的权力；“2017核能创新能力法案”S.97修订了“能源政策法案”，以更新能源部民用核能研究、发展、示范（research，development，demonstration，RD＆D）和商业应用计划的使命和目标。
海洋|俄罗斯开始发展22350M型新一代护卫舰|据国防科技信息网9月29日消息，俄罗斯北方造船厂首席执行官伊戈尔·波诺马廖夫表示，俄罗斯开始发展22350M型新一代护卫舰。与目前的22350型护卫舰相比，新型护卫舰排水量将达到8000吨，拥有更先进的武器和俄罗斯国产动力系统，并能执行导弹驱逐舰的作战任务。俄海军军备副总司令表示，海军希望22350M型护卫舰首舰可于2026年交付。
航空|美国臭鼬工厂计划为美空军提供隐形无人加油机KC-Z，将扩展短程战机的作战距离|据美军事进行时9月29日消息，美国臭鼬工厂计划为美空军提供隐形无人加油机KC-Z。该无人加油机能够飞越防卫空域，向友军飞机提供燃料，并将扩展F-35等短程战机的作战距离。目前，该无人加油机还在概念设想阶段。
航空|美国平流层发射系统公司公布高超声速飞行试验平台概念方案及研制计划|据装备参考9月29日消息，美国平流层发射系统公司公布了两型高超声速飞行试验平台“高超-A”和“高超-Z”的概念方案与研制计划。这两型平台均可从超大型双机身载机上发射，可完成无动力自主水平着陆，并可重复使用。其中，“高超-Z”是世界上尺寸最大、性能最高的高超声速飞行试验平台，将是研发重点。
航空|美海军首次在实战中使用F-35B战斗机|据航空工业信息网9月29日消息，美海军于9月27日凌晨首次使用F-35B战斗机对阿富汗境内的塔利班目标实施打击。这标志着美军首次将F-35B战斗机投入实战。美海军中央司令部海军司令斯科特·斯蒂尔尼中将表示，F-35B不仅能为地面行动提供支援，同时还能执行海上任务，将显著增强美军两栖行动能力、空战能力以及行动灵活性，并确保其战术优势。
新材料|奥地利Borealis公司和英国Bockatech公司合作开发泡沫注塑成型技术|据材料科技在线9月28日消息，奥地利Borealis公司宣布与英国Bockatech公司建立新的战略合作关系。Borealis是聚烯烃、基础化学品和化肥领域的提供商。Borealis公司牌号为BH381MO和Daploy WB140HMS的产品与Bockatech公司可持续包装EcoCore技术相结合，可用于生产一种可重复利用的高性能环保包装材料。Bockatech表示，使用EcoCore技术生产的发泡成型件需要的材料更少，且循环利用时间更短。由泡沫材料制成的最终产品重量超轻、隔热性佳，可实现94%的材料回收率。
新材料|冲绳科学技术大学院大学开发出高效率低成本钙钛矿太阳能电池|据EurekAlert网站9月28日消息，日本冲绳科学技术大学院大学开发出制造高效率低成本钙钛矿太阳能电池的新方法。研究人员在透明导电基材上涂覆1微米厚的钙钛矿薄膜，可以非常有效地吸收阳光，且显著提高了太阳能电池的工作寿命。在工作800小时后，新型太阳能电池的效率几乎没有变化。此外，较厚的钙钛矿层不仅提高了太阳能电池的稳定性，且能够降低太阳能电池的生产成本。新技术为钙钛矿太阳能电池的商业化提供了可能。
先进制造|香港城市大学研发出毛虫微型机器人，可在人体内实现精准送药|据环球网9月28日消息，香港城市大学研究人员研发出一种毛虫微型机器人，可以携带药物进入人体内。该机器人由一种软硅材料制成，里面嵌入了磁性粒子，能够通过施加电磁力进行远程控制。机器人长17毫米、宽7毫米、厚0.15毫米，拥有数百条锥形腿，腿长0.65毫米，腿间间隙约为0.6毫米。多腿设计减少了机器人的摩擦力并提高了疏水性，使其能有效地通过血液、粘液等体液表面。该机器人能举起100倍于自身重量的物体，或在药物靶向治疗方面发挥重要作用。
科技战略|新美国安全中心发布《未知水域：全球虚拟货币监管入门》报告|据新美国安全中心（CNAS）网站10月2日消息，CNAS发布《未知水域：全球虚拟货币监管入门》报告。报告研究了全球各国对虚拟货币的监管，并重点分析了美国监管和执法机构对虚拟货币监管采取的不同方法，以确定虚拟货币监管法律的趋势和模式。
科技战略|美国国际战略研究中心发布《信用与信誉：中国经济复苏的风险》报告|据美国国际战略研究中心（CSIS）网站10月3日消息，CSIS发布《信用与信誉：中国经济复苏的风险》报告。报告认为，除了大多数研究注意到的国民储蓄率高、外债水平低及行政控制外，北京能够可靠的应对债务驱动型战略导致的任何金融压力是中国经济能够实现长期持续的“史诗级”增长的重要因素。此外，报告还考察了当前中国经济增长乏力的原因，并为美国及其他发达经济体应对中国经济风险提出了建议。
科技战略|美国公布新版《国家反恐战略》|据新华网10月5日消息，美国白宫4日公布了新版《国家反恐战略》。这是美国自2011年以来公布的首个国家反恐战略，新版战略提出了急剧削弱恐怖分子对美国本土、海外重要美国目标发动袭击的能力，切断恐怖分子依赖的力量和支持源头等6项主要目标，以及对恐怖威胁追根溯源，切断恐怖分子的资金和物资来源，打击恐怖分子传播极端思想和招募人员的活动等6个工作重点。美国总统国家安全事务助理博尔顿表示，新版战略更注重保护本土、预防袭击和一旦遭袭击减轻损失。
信息|DARPA启动化学人工智能项目，开发用于军事用途的新化学分子|据Sociable网站10月6日消息，DARPA宣布启动名为“加速分子发现”的化学人工智能项目，开发可用于提升美国军事能力的新分子。该计划旨在利用基于人工智能的系统研究方法，加快高性能分子的发现和优化步伐，设计和生产具有特定功能的全新分子，开发安全的化学战剂模拟物和药物来应对不断出现的生化威胁。
信息|英国拟针对谷歌、Facebook等科技公司的广告收入征收数字税|据Cnbeta网站10月7日消息，英国财政大臣正在起草一项针对科技公司广告收入征收新数字税的计划。该计划可能通过评估科技公司的广告收入以及广告在英国的受众人数，来确定征税比例，将对谷歌和Facebook造成较大影响。英国财政部希望在对科技公司征收数字税与保持科技创新行业的活力间取得平衡。
生物|美国科学家发现癌症免疫疗法的高效辅助分子MHC-II|据生物谷网10月6日消息，美国加州大学科学家利用生物信息学方法发现CD4+ T细胞的结合伴侣MHC-II分子，其对新生肿瘤的影响要大于传统癌症免疫疗法CD8+ T细胞中常用的结合伴侣MHC-I分子。MHC分子可获得细胞内部几乎所有的抗原片段并呈递给T细胞，以协助清除被感染或受损的细胞。该发现将改进癌症免疫疗法并能有效预测不同患者对免疫疗法的反应等。相关研究发表于《细胞》期刊。
生物|澳大利亚科学家利用基因编辑技术提高玉米光合作用效率，可有效应对气候变化|据中国生物技术网10月8日消息，澳大利亚科学家通过基因编辑技术使玉米细胞叶绿体中的Rubisco酶含量增加超30%，使玉米的碳同化增加了15%。Rubisco酶是植物进行光合作用的关键限速酶，可帮助植物将碳从二氧化碳形态转变成葡萄糖等有机物形态。Rubisco酶含量的增加将提高玉米等四碳植物的二氧化碳转化率、水分利用率以及在强光和高温下的光合效率等。该研究将提高玉米对气候变化的适应，有助于粮食安全。相关研究发表于《自然·植物》期刊。
能源|美能源部宣布为碳捕集转换技术投入3000万美元|据美国能源部官网9月27日消息，美国能源部（DOE)宣布投入3000万元用于资助化石能源办公室研究和开发碳捕捉转换技术。选定的项目将以显著降低燃煤电厂二氧化碳捕集成本为技术目标，并解决与之相关的科学挑战和知识差距。具体而言，此次项目涉及新型碳捕捉转换材料以及转换过程的研发，包括用于实验室规模的新型溶剂、新型吸附剂和新型膜技术等。
能源|美能源部奖励2800万美元用于改善国家关键能源基础设施的网络安全|据美国能源部官网10月1日消息，美国能源部宣布奖励2800万美元用于改善国家关键基础设施包括电网、石油及天然气基础设施等的网络安全以及复原力。通过利用由网络安全、能源安全和紧急响应办公室（CESER）的能源交付系统网络安全（CEDS）部门提供的资金，研究人员将创建并提供有助于预防、检测和减轻网络攻击的创新技术。美能源部长Rick Perry表示，保护能源输送系统免受网络威胁是国家的首要任务，上述奖项将推动下一代创新技术的发展，以确保国家的关键能源基础设施能够承受潜在的网络攻击。
能源|日本通过可弯曲太阳能电池技术成功研制可穿戴心电监测设备|据客观日本10月4日消息，日本理化学研究所宣布，该所和东京大学的研究人员成功研发出可弯曲的超薄有机太阳能电池，能源转换效率达到10.5%，创下了可弯曲太阳能电池转换效率的新纪录。由于该太阳能电池具备弯曲性和伸缩性，研究人员将其与传感器组合起来，成功研制出可贴在皮肤上的超薄心电监测设备，并在没有外部电源驱动的情况下，成功通过该设备获取了精度良好的心电图信号。相关研究成果已发表于《自然》期刊。
能源|俄罗斯和印度签署六座核电站机组建设协议|据中国核电信息网10月5日消息，俄罗斯和印度签署六座由俄罗斯设计、在印度建设的核电站机组项目协议。协议规定，俄方将为该核电站项目提供“第三+”代水-水型动力反应堆的新设计，并计划提升其在印度的本地化程度。俄国家原子能集团公司总裁利哈乔夫表示，俄印双方有意通过此次核电站项目的合作，增进两国在原子能领域除核电站建设外的协作。据悉，目前印度正在根据俄方的设计建设库丹库拉姆核电站机组。
海洋|英国防部公布新版北极防御战略，欲加强其在北极的军事存在|据国际极地与海洋门户网10月4日消息，英国国防部长加文威廉姆森近日宣布了一项新北极防御战略。该战略旨在加强英国在北极的军事存在，维护本国在该区的利益。新战略计划在未来10年内，每年冬季派遣800名皇家海军和陆军突击队员到挪威，与美国、荷兰的海军陆战队以及挪威军队进行军事演习。此外，该战略还计划用P8 Poseidon飞机追踪俄罗斯潜艇，有效监控俄潜艇在北极的活动。
海洋|日本首艘锂离子电池潜艇“凰龙”号下水，具有更长续航时间|据国防科技信息网10月8日消息，日本首艘采用锂离子电池作为动力的潜艇—“凰龙”号于10月4日在三菱重工神户造船厂下水，并计划于2020年交付海上自卫队。该潜艇长84米，排水量2950吨，最高航速20节，是第11艘“苍龙”级潜艇，与前10艘安装铅酸电池的“苍龙”级潜艇相比，其可存储更多电能，具有更长的续航时间。据悉，“苍龙”级潜艇总计划建造13艘，分别由川崎重工和三菱重工建造，目前已有9艘服役。
航空|英国贝尔公司欲将电动垂直起降飞机推向军用市场|据航空简报10月8日消息，英国贝尔公司首席执行官斯尼戴尔表示，该公司与优步公司联合研发的电动垂直起降飞机Elevate可适用于军事用途。Elevate装备的低噪音电动混合动力推进器有利于执行秘密军事任务，尤其是在城市环境中。目前，该电动飞机的机载电池性能还不足以支撑飞机远程飞行。
航空|美空军将GOLauncher1高超声速飞行器命名为X-60A，将帮助美军研制未来高超声速系统|据航空工业信息网10月8日消息，美空军将GOLauncher1高超声速飞行器名为X-60A。该飞行器是由美国时代轨道发射服务公司研发，是一种空射型液体火箭，专为高超声速飞行研究而设计，适用于测试超燃冲压发动机推进、耐高温材料和自动控制等技术。该飞行器将帮助美军搜集测试数据，加快未来高超声速系统的研制进程。
新材料|德国研究人员在木基泡沫中混合金属，开发出新型高强度复合材料|据材料科技在线10月5日消息，德国弗劳恩霍夫木材研究所将一种用作环保隔热材料的木基泡沫与金属材料相混合，成功开发出一种新型高强度复合材料。研究人员首先铸造出带孔的金属“海绵”，然后将木纤维泡加入其中，最后再将其晾晒干燥。这种复合材料被称为“HoMe泡沫”，不仅保留了木基泡沫的隔热和隔音性能，还具有比木基泡沫与金属海绵高得多的弯曲强度。
新材料|美国关键材料研究所采用增材制造工艺印刷各向异性磁体，可显著降低稀土元素使用|据关键材料研究所官网10月2日消息，美国能源部关键材料研究所成功利用增材制造工艺印刷了各向异性磁体。能源创新中心采用橡树岭国家实验室的大面积增材制造（BAAM）技术，成功在混合尼龙上制备了钕-铁-硼和钐-铁-氮磁体。通过应用磁力校准，研究人员可提升磁体的性能，同时可尽量降低稀土元素的使用。相关研究成果发表于《Journal of Magnetism and Magnetic Materials》期刊。
先进制造|美国海军研究人员开发出3D打印水母机器人|据3D虎10月8日消息，美国海军研究办公室与佛罗里达大西洋大学共同研发出一款3D打印的水母机器人。该机器人以月亮水母为原型，有8个由硅橡胶触须，通过2个叶轮泵系统驱动。当叶轮泵泵水和停用时，其触须通过膨胀和收缩实现上升与下降，形成游泳运动，且该机器人具有高度柔韧性，能够穿过比其身体更为狭窄的地方。研究团队还计划在水母机器人中加入声纳等环境感测器，以及用于导航的特殊算法，使其在海洋监测领域发挥重要作用。
信息|加利福尼亚州签署全美首个物联网网络安全法|据Theverge网站9月28日消息，加利福尼亚州州长签署全美首个物联网网络安全法，该法将于2020年1月1日正式实施。根据该法规定，制造商必须为所有直接或间接连接到互联网的设备配备安全功能，若需要通过外网访问局域网设备，则须为设备设置访问密码，防止发生未经授权的访问和数据修改，防范信息泄露。
信息|白宫召开5G峰会，讨论加速部署5G移动网络的政策|据Venturebeat网站9月28日消息，白宫召开由运营商、国会议员、政府机构和特朗普顾问参加的5G峰会，讨论确保加快部署5G移动网络的政策。特朗普政府鼓励私营部门投资5G网络建设，将通过减税和削减监管等政策刺激私营部门投资。联邦通信委员会也将采取提供更多频谱、促进无线基础设施建设和制定现代化法规等措施推动5G部署。
生物|香港大学全球首次发现老鼠可将肝炎传染人类|据生物探索网9月30日消息，香港大学近期发现老鼠传染人类戊型肝炎个案，首次证明戊型肝炎可经老鼠传染给人类，具有重大公共卫生意义。大鼠戊型肝炎病毒（HEV）于2010年首次被发现，与人类戊型肝炎病毒有明显差异，之前从未有过大鼠HEV感染人类的记录。此次发现的戊肝感染病例体内HEV经全基因组测序显示，与在越南鉴定的一种大鼠HEV菌株密切相关，而研究人员在病人居住区发现了鼠患证据。研究人员预测，该病患可能是误食了老鼠粪便污染的食物而染病。相关研究成果发表于《新发传染病》期刊。
生物|巴西种植全球首批转基因甘蔗，所产蔗糖被认定为非转基因产品|据基因农业网9月30日消息，巴西已种植全球首批转基因甘蔗，种植面积约为400公顷。该转基因甘蔗由巴西甘蔗技术中心研发并于去年6月获巴西国家生物安全技术委员会批准，主要用于控制对甘蔗危害最大的甘蔗螟虫。该转基因甘蔗转入了来自苏云金芽孢杆菌的相关基因（Cry1Ab和NPTII蛋白），与全球多国已批准的其它产品中的蛋白相同。巴西是全球最大的甘蔗生产国，占到全球甘蔗交易量的约50%，全国甘蔗种植面积为1000万公顷。巴西生物安全委员会认为该转基因甘蔗生产的蔗糖无法检出糖中含有DNA或蛋白，因此不是转基因生物产品，而是一种纯物质。
能源|美沙科学家合作研发新集成太阳能液流电池设备，效率高达14.1％|据EurekAlert网站9月27日消息，美国威斯康星大学麦迪逊分校和沙特阿拉伯阿卜杜拉国王科技大学（KAUST）的科学家合作开发了一种新的集成太阳能液流电池设备，效率高达14.1％。该设备有三种不同的模式：既可以像太阳能电池一样立即将阳光转化为电能，也可以在白天吸收太阳光并将其能量作为化学能储存起来，以便在夜晚或阴雨天时将其作为电力输送，还可以像典型的电池一样给其它设备充电。团队负责人表示，该集成太阳能液流电池将特别适合作为偏远地区的分布式和独立式太阳能转换及存储系统，并实现实际的离网电气化。相关研究成果发表于《Chem》期刊。
海洋|美海军第16艘“弗吉尼亚”级攻击型核潜艇服役|据新浪军事9月30日消息，美海军29日在佛罗里达州举行第16艘“弗吉尼亚”级核潜艇—“印第安纳”号的服役仪式。新潜艇长约115米，航速25节，排水量约7800吨，配备约130名官兵。“弗吉尼亚”级核潜艇是美海军目前最先进的攻击型核潜艇，同时可以兼顾远海和近海作战，海军计划共采购30艘这一级别潜艇，以取代“洛杉矶”级核潜艇。
航空|波音公司将于2019年启动797中型客机项目，以打开新的细分市场|据航空简报9月30日消息，波音公司计划在2019年6月启动797中型客机项目。797中型客机将分为797-6X和797-7X 两种型号，前期开发成本约150亿美元。其中，797-6X有228个座位，最大航程5000海里（约9260千米）；797-7X有268个座位，最大航程4200海里（约7778千米）。波音希望借助797项目打开新的细分市场，并将与空客A321XLR客机展开竞争。波音计划在2025年交付首架797客机。
航空|波音公司赢得美空军价值92亿美元合同，将向其交付351架新一代高级教练机T-X|据航空简报9月29日消息，波音公司与美空军签署价值92亿美元的合同，将向美空军交付351架新一代高级教练机T-X、46台模拟飞行器及配套地面设备。T-X作为新型高级教练机，将提高未来美空军飞行员执行任务的效率。该机预计在2024年形成初始作战能力，在2034年具备完整作战能力。
先进制造|微软为机器人操作系统ROS发布Windows版本|据搜狐网9月30日消息，微软公司宣布Windows 10将正式引入机器人操作系统（ROS）。ROS是用于机器人标准化设计的主流操作系统之一，被广泛应用于许多尖端机器人项目。此款适用于Windows系统的ROS1平台，允许使用微软集成开发环境Visual Studio的开发人员在开发纯软件、web、移动和云计算应用的同时，也能开发智能机器人和自动化技术。微软希望把可实现硬件加速的Windows机器学习、计算机视觉、Azure认知服务、Azure物联网云服务和其他微软技术引入家庭、教育、商业和工业机器人领域，为机器人技术带来智能优势。
